sequence_id	chain	sequence	sequence_aa	region_type	frame_type	v_call	gen_model_name	cell_id	duplicate_count	j_call
bbe5e0fc4b024d97a60c230316207b8f	TRB		CASPDFGILNTEQFF	imgt_cdr3			my_pwm_model		-1	
ee7258dea5ca430581cfd7f51b0cdb51	TRB		CASSYGRTTDDEQFF	imgt_cdr3			my_pwm_model		-1	
3b3dcdfda42b41c69ea4cf1eedf7ccd6	TRB		CASSSATVRGRAKTNEEAYF	imgt_cdr3			my_pwm_model		-1	
74eb7e8a136245b2bed687e9d7e34460	TRB		CASPPRDGQNEQYF	imgt_cdr3			my_pwm_model		-1	
bfefbe8f2478421cb3d064af59ee9678	TRB		CASSRLDTGRQVSTNEQHF	imgt_cdr3			my_pwm_model		-1	
be55210521f24b2cb468b478e28e546c	TRB		CATSLIGTPARNGQHF	imgt_cdr3			my_pwm_model		-1	
5d88d32bfa1a4e8a9d822804d4f450d0	TRB		CASYEETQASTYPIFF	imgt_cdr3			my_pwm_model		-1	
205c1683cec44b938fb34e304783f57d	TRB		CSSSTDGKYTF	imgt_cdr3			my_pwm_model		-1	
943213ea60fb48f8983339821f52019d	TRB		CASSRNFADADGTKAFF	imgt_cdr3			my_pwm_model		-1	
13809d1b907945e281c6f394b33241c8	TRB		CASSLVTGLRTEEAHF	imgt_cdr3			my_pwm_model		-1	
f04f6db0f6d6401bb2eb8a13d663ff53	TRB		CSSSLRRGAGSGPAFF	imgt_cdr3			my_pwm_model		-1	
7d4ece63d41b4907a419cccc1fd3a28a	TRB		CATRARSTYEQYF	imgt_cdr3			my_pwm_model		-1	
c5f388e2683c4e8089cf2167130dcb73	TRB		CASSPQPTTGWEEGNATQFF	imgt_cdr3			my_pwm_model		-1	
a48900566c3b4d38bec6d321dcddac01	TRB		CASTPSSTNQPQHF	imgt_cdr3			my_pwm_model		-1	
bb88fb63fd2f4f408cd50cf952e4f304	TRB		CATGRNEQYF	imgt_cdr3			my_pwm_model		-1	
fb0cfa561d654a7b9b09d703913d26b6	TRB		CRATLWPTNPMKQYF	imgt_cdr3			my_pwm_model		-1	
41013d6fa77b40bdb23d58504a749b69	TRB		CASSLGLGLGYQGGLYF	imgt_cdr3			my_pwm_model		-1	
ce90136c11e047d09754a22ce5585cff	TRB		CASSLSMRLSGPNANEYFF	imgt_cdr3			my_pwm_model		-1	
6f2d54d11de846b1bc5ddf150ee2559f	TRB		CASSLFPHTVGDGNPLFF	imgt_cdr3			my_pwm_model		-1	
1f48d239fe46468a9ee32183c7ccfcbc	TRB		CASSLEQPRGTEQYF	imgt_cdr3			my_pwm_model		-1	
94dd470ae1b0410bb5cef43669ba3d8b	TRB		CASSTSSDPTKQFF	imgt_cdr3			my_pwm_model		-1	
6c76dbffdfab417f8aed73422edf9c74	TRB		CASSRKTWGETNYPYTF	imgt_cdr3			my_pwm_model		-1	
c29f6a261306488886c329be0d24030d	TRB		CASSAGTTGLTF	imgt_cdr3			my_pwm_model		-1	
df0d2b9c9bc14a2a88b98d10e1d73265	TRB		CASSLARDTGGGSLSLNYNEQFF	imgt_cdr3			my_pwm_model		-1	
58b5f40c9daf4daf8cc2ace055956527	TRB		CASHPRRSGTQYF	imgt_cdr3			my_pwm_model		-1	
d8ae2a9cc065477187dac503770293fb	TRB		CAESDARNGQTF	imgt_cdr3			my_pwm_model		-1	
91517f3394074ec5a01cc55fcff5d389	TRB		CATGRDPALAYTQYF	imgt_cdr3			my_pwm_model		-1	
990ee6ca23204231ad21ba4fac2dbba9	TRB		CATVQRTKFELYF	imgt_cdr3			my_pwm_model		-1	
27d3255105a74f63b941f13fb8b68ea0	TRB		CAVSNGTGNQTAYF	imgt_cdr3			my_pwm_model		-1	
ac597dea77ea4b25a8c4b4e7b4162bc4	TRB		CATLRGPLFF	imgt_cdr3			my_pwm_model		-1	
c69b809b39304076bc87d5ac5b52c33b	TRB		CSSSLTVSWEELHF	imgt_cdr3			my_pwm_model		-1	
cb0f2c8858664734bc2a9d078f5d8305	TRB		CASSGPGAGRNQEQYF	imgt_cdr3			my_pwm_model		-1	
7e62833525ea4b129dcc0136794cf2a2	TRB		CASIDDLGYEYTPQYF	imgt_cdr3			my_pwm_model		-1	
5bbf19c34d264b4f99d68213032ac398	TRB		CASKPDEQHF	imgt_cdr3			my_pwm_model		-1	
e43f5219a972416c8a5c807f758eb94a	TRB		CASSEGLQYEATF	imgt_cdr3			my_pwm_model		-1	
aa425881b7b74146ade2ccb59b46ae52	TRB		CARTRAGTYF	imgt_cdr3			my_pwm_model		-1	
3ca76d9c43ba4fe0a89d5ebe548bbdb7	TRB		CASSLSERGSNYELYF	imgt_cdr3			my_pwm_model		-1	
0dd15633498b4e96a84e1973a6234a97	TRB		CASSEGADPSCIGTQTF	imgt_cdr3			my_pwm_model		-1	
5c035d1bdfb647b3bce290fa57ff6c14	TRB		CASSEVGGKGDSGQPLTF	imgt_cdr3			my_pwm_model		-1	
cb52104a00c1444b87edfb42a63e707c	TRB		CASSLSARGGLDTQTF	imgt_cdr3			my_pwm_model		-1	
510889f808cf451faea304e66191b4bd	TRB		CASPGDRETLTF	imgt_cdr3			my_pwm_model		-1	
e48af44a5ba34ba29d55355d81789e6f	TRB		CASSLFSRESATQGQYF	imgt_cdr3			my_pwm_model		-1	
1fb4a9f863ee4443a91eb939409d034e	TRB		CSSSMRRGRTKQYF	imgt_cdr3			my_pwm_model		-1	
9ec23be1677f4c6fa5ba5a52f140689d	TRB		CASSHTPGDGQNQGQHF	imgt_cdr3			my_pwm_model		-1	
3b224657ae6a4d90bc83b284c05ecb53	TRB		CASSSLSGRDNYKQHF	imgt_cdr3			my_pwm_model		-1	
31359b310a1a40e3ab6092b698dc040d	TRB		CATSGSGRPVLTAYEQYF	imgt_cdr3			my_pwm_model		-1	
948f72f13a1f4cdd8f2d63259dd3ef15	TRB		CASSLETTMTGSNNEYFF	imgt_cdr3			my_pwm_model		-1	
eb2fb6706ff644c8a2f522a2ec07623e	TRB		CASSLRQVEQFF	imgt_cdr3			my_pwm_model		-1	
5e08a491ad65488cb3ceed5f4722611e	TRB		CASTGWRIYIQYF	imgt_cdr3			my_pwm_model		-1	
ef5d83ce51784954841200ef23e61bae	TRB		CASSLPLSVEIYHF	imgt_cdr3			my_pwm_model		-1	
27216dac7b804903b56c148c75b3e029	TRB		CASDLTGSFNEQYF	imgt_cdr3			my_pwm_model		-1	
5d04caa1c2ef421bada580393873a461	TRB		CASSLAQRPTELTF	imgt_cdr3			my_pwm_model		-1	
271241bcc90443ceb076ff638a3c5a59	TRB		CASLIGTSNILTF	imgt_cdr3			my_pwm_model		-1	
775104649b0e4b22a1c4edc6d31f2971	TRB		CASSYVPGQLGMPYPQYF	imgt_cdr3			my_pwm_model		-1	
05df46e1f3584c788e79909744fe784e	TRB		CASSLAHDTKIGSLSINKNEQFF	imgt_cdr3			my_pwm_model		-1	
1989098a878f4d1eb551b9a91c719444	TRB		CASSVGGTAYQEYFF	imgt_cdr3			my_pwm_model		-1	
5a379cd8170f40ee85fee67f59d4c544	TRB		CASVTGSPQTF	imgt_cdr3			my_pwm_model		-1	
a33b1b754c5b438893328581d0190823	TRB		CASSTPGGCNEQHF	imgt_cdr3			my_pwm_model		-1	
3a09ea097eec45c5b979cc413cdd230d	TRB		CASHDGREKQFF	imgt_cdr3			my_pwm_model		-1	
498fe13847f0479da6c0f9366a1b7e01	TRB		CAPPADQIGNYPQYF	imgt_cdr3			my_pwm_model		-1	
8053a53ec5ee464ab79a8f04ff97d94b	TRB		CASRPVNTLFF	imgt_cdr3			my_pwm_model		-1	
b6df940097894b1f9b5085614f705a45	TRB		CASITGGQLAYTQFF	imgt_cdr3			my_pwm_model		-1	
47843b6024c14fb6b04b358d1a410081	TRB		CSSSLRGTRTGLFF	imgt_cdr3			my_pwm_model		-1	
cdc680a7386b4228a4470bf94adb098d	TRB		CASSPDDELFF	imgt_cdr3			my_pwm_model		-1	
3008c9c50c5f4e7cb95ea4b1830d69dd	TRB		CASSASQTVAGEQYF	imgt_cdr3			my_pwm_model		-1	
2bca064a1ec745ff95504f02ae467ac6	TRB		CASGLGTVPYNTQFF	imgt_cdr3			my_pwm_model		-1	
9811cf4923014bca9ae0e8b3134d233f	TRB		CASSQGQRADVQGLFF	imgt_cdr3			my_pwm_model		-1	
a48440153dac4f189f568c244600421a	TRB		CASSVIPPPTITQFF	imgt_cdr3			my_pwm_model		-1	
8461a54bbfe94c3aab29a59cfcb9486a	TRB		CASSLVGIQQDTTQFF	imgt_cdr3			my_pwm_model		-1	
878d2785262c414c9ceb8ea5b038100b	TRB		CVSSQPQHF	imgt_cdr3			my_pwm_model		-1	
8edb6e385bdd494199c001a5db438ee5	TRB		CASLFRAGAYPLYIQTF	imgt_cdr3			my_pwm_model		-1	
84d2fb95573b4e149b318a331952ad12	TRB		CASSDWRSRDGQYF	imgt_cdr3			my_pwm_model		-1	
11813bed158742259149af91f5612402	TRB		CASSRRTGEGGSRPQFF	imgt_cdr3			my_pwm_model		-1	
d0be2f9ac79f4f26b24b14fa9eca79dd	TRB		CASSLDGGGDPQHF	imgt_cdr3			my_pwm_model		-1	
402b5e8a5269427ca1e1886a87fe5eec	TRB		CASRLTGTTLTTAYF	imgt_cdr3			my_pwm_model		-1	
8c4920698ba146aa86b7e742535b393f	TRB		CASSSSPVQGGHYNVQFF	imgt_cdr3			my_pwm_model		-1	
a11623ed47224876aaaccd051348efdc	TRB		CASYTFGGNYGQFF	imgt_cdr3			my_pwm_model		-1	
2f13b6f49c464fe89ba8c9deddb52c92	TRB		CASHTDETYF	imgt_cdr3			my_pwm_model		-1	
8a95dac40daf4c66b2550afca02584ce	TRB		CGGEAFF	imgt_cdr3			my_pwm_model		-1	
0f03ba94f37f402383244a7bd2c277a2	TRB		CASSLKGTHGPGEYPQFF	imgt_cdr3			my_pwm_model		-1	
4e204cbedab9449b97ed1b2e44b51ed1	TRB		CASSQGPGGDKDEQTF	imgt_cdr3			my_pwm_model		-1	
1d224e561acb4450ac0b073a1270dd0f	TRB		CDPFEPQYF	imgt_cdr3			my_pwm_model		-1	
45f9a0f542754a67b730a3f2c6465657	TRB		CASSRCPGLWGNYPQYF	imgt_cdr3			my_pwm_model		-1	
8227452634c948ef82dc59cbd4f74ff0	TRB		CASTRPRRGYYF	imgt_cdr3			my_pwm_model		-1	
ddfc5381c38446a298fddaf0b3f90b0a	TRB		CSSSEGLDMQEQTF	imgt_cdr3			my_pwm_model		-1	
a8556b7f2d2b4774978e5d5882493719	TRB		CASSPVQWGRASQELTF	imgt_cdr3			my_pwm_model		-1	
70439e6e773c4c32af4d9d9b2d4b7d11	TRB		CSSTCGYPQYF	imgt_cdr3			my_pwm_model		-1	
64fbecad57084ef3bbb5733f67022c31	TRB		CASRDVATRGGNEVSGNEATF	imgt_cdr3			my_pwm_model		-1	
1fe65fb46e9e49de94e2d646e8d72d06	TRB		CASTWLVTNNPQTF	imgt_cdr3			my_pwm_model		-1	
ab4f047cac054221bccdfd684c3c242c	TRB		CASSLRVERWWAEELFF	imgt_cdr3			my_pwm_model		-1	
f247b6e7d5894b7b81dbd3c3e03bfd48	TRB		CASSPDRSTYEQFF	imgt_cdr3			my_pwm_model		-1	
a9241bdbfeee4cebabcf0c861219dab2	TRB		CASSIVPGGGHAGGTNTIYF	imgt_cdr3			my_pwm_model		-1	
6726a381d86f46dbb83f9dee58b3ce3f	TRB		CSASGAALAHSELTF	imgt_cdr3			my_pwm_model		-1	
5c0e83bba34842cb812aff239bcdb4c0	TRB		CASSEVTVFVTKNKLHF	imgt_cdr3			my_pwm_model		-1	
be8f4a07fa4943f6b9fabe2b94d7c160	TRB		CASSVGPPGGIGSGNETYFF	imgt_cdr3			my_pwm_model		-1	
7ac4ba93a3a2484989eb3b35750249b9	TRB		CATSGVTLNKLFF	imgt_cdr3			my_pwm_model		-1	
b2e75c5db1ef4b2cb5b4d757142e96ec	TRB		CAISGEEIFF	imgt_cdr3			my_pwm_model		-1	
aacc64a59c5b468eb0bfb2495ab7fd78	TRB		CAASSTGDKYYF	imgt_cdr3			my_pwm_model		-1	
b7ccad0f88be4eefb274320e42d6e926	TRB		CASSQQPSGSGGYPLTF	imgt_cdr3			my_pwm_model		-1	
cbcbb655e0ba4a4eb111d333ebc0a062	TRB		CASSLQADGQFF	imgt_cdr3			my_pwm_model		-1	
f8105e3a40e64e5d9f83357f9fa34579	TRB		CATSQIRGGQQYEQYF	imgt_cdr3			my_pwm_model		-1	
fa871a4f8b6f4ead9cdc01684313944c	TRB		CASSLTADYNNEQFF	imgt_cdr3			my_pwm_model		-1	
a65bef475b7845a2923115745025ac29	TRB		CASTQPGVEYEQYF	imgt_cdr3			my_pwm_model		-1	
7559fed1489c408fb002b013237f18cc	TRB		CASIVLVNDEQYF	imgt_cdr3			my_pwm_model		-1	
b14acd942c8a4170841b601e9b3fe16f	TRB		CASRLGSYCTEQFF	imgt_cdr3			my_pwm_model		-1	
550c4307d958447783cb1a07acbd5a5e	TRB		CSTSGTRSGYEQYF	imgt_cdr3			my_pwm_model		-1	
560c14f6b4f7413d81bf730f9261daef	TRB		CASIEDFESAGTYTF	imgt_cdr3			my_pwm_model		-1	
54389b2e5fa24f33b47260ed98d9b677	TRB		CASSTGYEYTF	imgt_cdr3			my_pwm_model		-1	
0ae197278f774fe2a331e9289cd1c410	TRB		CASKIGEPQFF	imgt_cdr3			my_pwm_model		-1	
ea2faa8446ed4a15a3f7bd8e6e7cfe46	TRB		CASTAVTIGPGPLFF	imgt_cdr3			my_pwm_model		-1	
af78e63d845c431abfca21d0fdc0b0a4	TRB		CASTLGAVGRHSDTYPYHF	imgt_cdr3			my_pwm_model		-1	
d1270c4ebf404d2683c5a17a304a32b6	TRB		CASIDAEIWDSGQFF	imgt_cdr3			my_pwm_model		-1	
4e47037be654413586c1a439bde8185e	TRB		CASSDVYPQHF	imgt_cdr3			my_pwm_model		-1	
f8877b1d654744439bcabfdc3e4213b9	TRB		CASSTPRNTTGVSTDPQYF	imgt_cdr3			my_pwm_model		-1	
e0220e81d6424330a4e67eebcaaa926c	TRB		CATSTALDGSRQGSRYNEQFF	imgt_cdr3			my_pwm_model		-1	
e83ac5bcf1cf4c65a8179ae1c1ceeaff	TRB		CASSQGVPGRDLERLNTLYF	imgt_cdr3			my_pwm_model		-1	
1f3bf0ca8fba450cb9679cc4e72cf55a	TRB		CASSQEPTESSNDEQFF	imgt_cdr3			my_pwm_model		-1	
5838baabe9f84abf80326bc69a75209e	TRB		CSSSMGLGSRNSGQYF	imgt_cdr3			my_pwm_model		-1	
065eaa32e8ef4418bf2a140f677fef22	TRB		CSSSVPSIPVGSYELFF	imgt_cdr3			my_pwm_model		-1	
9ff3daf7524249f7a3c31bf03784d339	TRB		CATKLTNPEQTF	imgt_cdr3			my_pwm_model		-1	
5f03068221e14de68b40c3c50b452dd9	TRB		CASSHDKSEYYF	imgt_cdr3			my_pwm_model		-1	
fddecb3b9b3d4b48a860f894fafff29e	TRB		CAATETTSGGITPTQTF	imgt_cdr3			my_pwm_model		-1	
9f7477ea199c40269e81aad24fd05e9e	TRB		CASSGERQSDTYPLFF	imgt_cdr3			my_pwm_model		-1	
79812ccff213469488a8172bf67bb8c4	TRB		CASSSSPVPNNPAFF	imgt_cdr3			my_pwm_model		-1	
27198e81f1a24413af26d8d9fb8f29c5	TRB		CAASYNDGVSNNPLFF	imgt_cdr3			my_pwm_model		-1	
5b0b4ee15f0c49bea8d6a99ebf062b66	TRB		CASSLESATLSRKGIYFF	imgt_cdr3			my_pwm_model		-1	
46ba25415b6e46849ba81c0b2ba2bfcf	TRB		CASRDGGMTETQYF	imgt_cdr3			my_pwm_model		-1	
d2a656fc179842b98e6e36ce1687de90	TRB		CASSDGRRSNGPLFF	imgt_cdr3			my_pwm_model		-1	
b8644850417c4bc085d96f93cfb0cb1c	TRB		CATIFGGNSTQELYF	imgt_cdr3			my_pwm_model		-1	
0bb13a4ddbbc4babab1f201461be3f9c	TRB		CASGESDGARGEAHF	imgt_cdr3			my_pwm_model		-1	
38bfbc042cad451086b3f9470ba5af75	TRB		CASMLGGRLGQEQFF	imgt_cdr3			my_pwm_model		-1	
870333ac7ce94fe3b7931f327f4331b1	TRB		CASSYEGTRHNEQYF	imgt_cdr3			my_pwm_model		-1	
0c3357ee80bd4e2593c383f4600cb6dd	TRB		CASSISDNGSNTEQYF	imgt_cdr3			my_pwm_model		-1	
1501f96da5174b538e1b2d7063ecf42a	TRB		CASSVSRPYTATF	imgt_cdr3			my_pwm_model		-1	
52916bfccc5d413aba2505a39bbf3c5f	TRB		CASSLPPQLGAGNEQTF	imgt_cdr3			my_pwm_model		-1	
752d9a1c8f304df7ace3568e6b93b39c	TRB		CAASLRGALTELHF	imgt_cdr3			my_pwm_model		-1	
abc2d2a26c6b4c968149ded95b905ca2	TRB		CASSFMGAGGRNTEYTF	imgt_cdr3			my_pwm_model		-1	
35466e7b99e5496b8377130776be110d	TRB		CASSLAPGHAPLQPQYF	imgt_cdr3			my_pwm_model		-1	
87a7eaae14cb464286fb186399536c80	TRB		CASSVGSGRWGREGRPGTYQEQFF	imgt_cdr3			my_pwm_model		-1	
d61338ada3a843a0ba4a78c7ac0eafef	TRB		CASSIGPRGGTNELFF	imgt_cdr3			my_pwm_model		-1	
3710cbb9c4c84f0da350a5ed7c2e1b13	TRB		CASSGHGGGGFYGYYF	imgt_cdr3			my_pwm_model		-1	
9a86d912c5fe48e08182000a3aaa5e38	TRB		CASSLAGSTPESQPQYF	imgt_cdr3			my_pwm_model		-1	
3ea230bc47714a04b86106bd81d1ddd8	TRB		CASSVGDTPKRATDPQTF	imgt_cdr3			my_pwm_model		-1	
fb1aea4561b949ac9a9e5c26b4c16397	TRB		CASSLWRGQQTQFF	imgt_cdr3			my_pwm_model		-1	
0de37b9d1e4e40d0b367b0ca87012af3	TRB		CASSLARGGNSEQFF	imgt_cdr3			my_pwm_model		-1	
df04f3fdf110498b9cacd8bb4d81d718	TRB		CASSKSGVRRYGTQYF	imgt_cdr3			my_pwm_model		-1	
628a96b1af2243988165c12bfa088d5f	TRB		CASSVFGAKKIWNNTQTF	imgt_cdr3			my_pwm_model		-1	
6457f5075a0542a4a244800273436344	TRB		CAALLAQDGNEEAYF	imgt_cdr3			my_pwm_model		-1	
0c0ec47edb5b4183a809dbc53c979479	TRB		CASSIPQGKTEKAFF	imgt_cdr3			my_pwm_model		-1	
09c5fd6ac50041a18d9aac3559d08537	TRB		CARSLGTVGGQTLTF	imgt_cdr3			my_pwm_model		-1	
84ab85a7596d44a0a94545c7fd96af85	TRB		CASSAAGGLTAHF	imgt_cdr3			my_pwm_model		-1	
ba5b2f3fca86424aa17d4fb3b09e0962	TRB		CARKRGLYEYFF	imgt_cdr3			my_pwm_model		-1	
24e12d759a2141f99f1cce3a1ec0ff5d	TRB		CASPEPSLYKQFF	imgt_cdr3			my_pwm_model		-1	
4e58bec8c3f746bfa1c14b8f7de8cfe9	TRB		CASSPMLDQASTTGQHF	imgt_cdr3			my_pwm_model		-1	
067a19faacf34d6b8cff82f3ad342160	TRB		CASSNARGGGGNEEQTF	imgt_cdr3			my_pwm_model		-1	
6afa24c66dd54b2e9e6c2cdaf1796c38	TRB		CAPSLGGVPKQYF	imgt_cdr3			my_pwm_model		-1	
792e3d16fa73446f9a9b3870fb17926b	TRB		CARRGTGEEQFF	imgt_cdr3			my_pwm_model		-1	
bb2fc477e4ca4adcbee1d986904ccf2c	TRB		CASSQVGGIGSAEPYYF	imgt_cdr3			my_pwm_model		-1	
3d4970551be54c1e8eccea873766005a	TRB		CASSLRGYEAHF	imgt_cdr3			my_pwm_model		-1	
8e7a10a48d404661b52068a46ce4baad	TRB		CASSLLKTRRDPGTADELFF	imgt_cdr3			my_pwm_model		-1	
8f4eddeebc934d0092fdf99a435badde	TRB		CSSSGAAEEQYF	imgt_cdr3			my_pwm_model		-1	
0d2b565e8ad24f7caa82415af82fcbb6	TRB		CASCDRGLGTQGLHF	imgt_cdr3			my_pwm_model		-1	
4100e05647cf460daf94a3e197cc22bf	TRB		CAQSSTLMGEEQYF	imgt_cdr3			my_pwm_model		-1	
07b3cc6131a64b62a5e1ccaf3e7aad8c	TRB		CASSPRVQSNSTQFF	imgt_cdr3			my_pwm_model		-1	
27db8394ad024792ad03ffe5486cae7c	TRB		CASSTGGGTYPAFF	imgt_cdr3			my_pwm_model		-1	
59ea8c3d2f634ee99b6c3f59fc963383	TRB		CARSLGTEGQTF	imgt_cdr3			my_pwm_model		-1	
784a061e9c6040fbacfb5eb03dcee6be	TRB		CASSSGVNTQYF	imgt_cdr3			my_pwm_model		-1	
61f4830cc24f4deba1801802c254f286	TRB		CASRAGGTDGTTLFF	imgt_cdr3			my_pwm_model		-1	
ffde5c087bc14822bd833ffedc41c75d	TRB		CASSSRVGVLSTPQHF	imgt_cdr3			my_pwm_model		-1	
07e51ea0f3434a1288ff6754091df4a2	TRB		CSSSQRQTGGMNQPLHF	imgt_cdr3			my_pwm_model		-1	
3a5a696dd45145e4875f42c476ae4808	TRB		CASGTGVGDEEQFF	imgt_cdr3			my_pwm_model		-1	
00e5fc886e63431991fbc6d93a190165	TRB		CAASYSRRRAGSTQEYYF	imgt_cdr3			my_pwm_model		-1	
e82ed6e5d2d94690b271c7ef7e29c441	TRB		CASSGKDTYGQFF	imgt_cdr3			my_pwm_model		-1	
2f490aa3843247d3a3df28eb1a6fe4b3	TRB		CASLGGGGGAFF	imgt_cdr3			my_pwm_model		-1	
f751ef748c4e4e82b70e83e4c4324d02	TRB		CASSSGRKARQDMYDEQYF	imgt_cdr3			my_pwm_model		-1	
62cdd08eb6d440399612ef9845cac72b	TRB		CAASCGQGANNEYFF	imgt_cdr3			my_pwm_model		-1	
63c2dfffd99d47ddba047838d03c511a	TRB		CASGWTPDGLGGGEGQHF	imgt_cdr3			my_pwm_model		-1	
faf713d5b55643dcaa10107c88c9e24c	TRB		CASSSSAYEQTF	imgt_cdr3			my_pwm_model		-1	
ca7a71b775f84d9ea85eaa07a05bea0e	TRB		CAASYSETSYGGQYF	imgt_cdr3			my_pwm_model		-1	
85d1dbfc885443ecac0f2e7371a47519	TRB		CASSLPRFSGSYIQTF	imgt_cdr3			my_pwm_model		-1	
8956309de3694b00b754ee9b155c99fc	TRB		CSSILGASGTQELFF	imgt_cdr3			my_pwm_model		-1	
f9f2c248e0284498abb2268f23ce35aa	TRB		CASSQGAMGANYNGKQYF	imgt_cdr3			my_pwm_model		-1	
c33edbad7a3c44d696d002a7c357f3d6	TRB		CASSVGGAGGSPAFF	imgt_cdr3			my_pwm_model		-1	
84950256a642473084e61b8868e05085	TRB		CSSSDLGASNQPYTF	imgt_cdr3			my_pwm_model		-1	
3831851f844348e0b4fedac6d00c767c	TRB		CASSGDGRGQFF	imgt_cdr3			my_pwm_model		-1	
a08186023afb43ffbb25e47032689025	TRB		CASSLSWSNEEQFF	imgt_cdr3			my_pwm_model		-1	
e4c9a8997a1a44b7985d2a882f1564a8	TRB		CASSLLYWGYGQGYYF	imgt_cdr3			my_pwm_model		-1	
76c0089bce7641c78838eff77fc7433f	TRB		CASGGWTQRHYPQFF	imgt_cdr3			my_pwm_model		-1	
22a471dc60c94d9389542f07eda859a8	TRB		CASSDRARGGSNYEYYF	imgt_cdr3			my_pwm_model		-1	
7b0738c5e17b4fa3a1200d061003d40e	TRB		CASSYGTNTSDRRNEQYF	imgt_cdr3			my_pwm_model		-1	
c05cf285960340bdad86b6eca6ad4fb3	TRB		CASRPTGYEQYF	imgt_cdr3			my_pwm_model		-1	
8e4b18f6d18f4f3eb3b0cc8d01b03dba	TRB		CASSISAGLRGVYNTPQFF	imgt_cdr3			my_pwm_model		-1	
0f970a1df22b4dd296c8f918edddbe7d	TRB		CASSFGKAGVSRGGSYGEYFF	imgt_cdr3			my_pwm_model		-1	
4084a6a57c6d46c7a9d3a0a6516c8bdf	TRB		CASSLKDSGIYFF	imgt_cdr3			my_pwm_model		-1	
f907da47ad9743a68b8e8ce10d61570c	TRB		CATSPAWGASYTEATF	imgt_cdr3			my_pwm_model		-1	
fabb975fc9d349228001057060495d59	TRB		CSSSLETGIPLMNEILYF	imgt_cdr3			my_pwm_model		-1	
0b30be6f566941978cba28da15d55c8c	TRB		CAKANGPPQFF	imgt_cdr3			my_pwm_model		-1	
ad28d47b93da4032ae82b6877f69169d	TRB		CASSGGGGDQPAHF	imgt_cdr3			my_pwm_model		-1	
39c41f19d82a46fe96823531c6c7a4ba	TRB		CASRPGDGCYTEQHF	imgt_cdr3			my_pwm_model		-1	
d606565172cd4d6d88bc617df3a5e2b4	TRB		CASSDGQLSGNEQFF	imgt_cdr3			my_pwm_model		-1	
d5290639d7724b71908090a890a74766	TRB		CAISDSCQDGSRYPDGAHF	imgt_cdr3			my_pwm_model		-1	
e92ec53ba8ed462ca4dd784ed6ebc39e	TRB		CASSFFRGRPYYELTF	imgt_cdr3			my_pwm_model		-1	
3ddc22fe597d42ac81aef494a7976354	TRB		CASSFRSTTPKNVQYF	imgt_cdr3			my_pwm_model		-1	
9aabc53d634b4a8a8ffc4f3170ece087	TRB		CAASLAREANYEAYF	imgt_cdr3			my_pwm_model		-1	
f75856c952a54483afdfc87a51ccac3d	TRB		CASSQSPRHGGGSTPLFF	imgt_cdr3			my_pwm_model		-1	
92ccf4eecf564e5baf4678f5d5b5c240	TRB		CASSIKPRIGGGASSYAELFF	imgt_cdr3			my_pwm_model		-1	
0803e6fcbf5c4169abc585b9a87b85cf	TRB		CAVSSYDPSNQPAHF	imgt_cdr3			my_pwm_model		-1	
d3eaac9cae854e2ab78c709aae296fdc	TRB		CAWSDVTNYTQYF	imgt_cdr3			my_pwm_model		-1	
09675ee8526240639236593441cbb031	TRB		CASSLAGRSSAATGEAFF	imgt_cdr3			my_pwm_model		-1	
b6441bcc3285415ea072e01a75cb78d1	TRB		CASSLRLADEYYF	imgt_cdr3			my_pwm_model		-1	
bb7f032036fc4ef9a354f84cb082460b	TRB		CASSDTVTDKSTETLTF	imgt_cdr3			my_pwm_model		-1	
3c3a0238548d4986910a494220b7c610	TRB		CASTRGTRTFGDNEQHF	imgt_cdr3			my_pwm_model		-1	
0f2f468542fb4423aa6fcf15b147db6a	TRB		CASSTGGGLNGQFF	imgt_cdr3			my_pwm_model		-1	
0d85177de15b49099c134eb3960f11ca	TRB		CASSGPESGRDGLQQTLYF	imgt_cdr3			my_pwm_model		-1	
2aa733ec84fc433495f8087982b27c6b	TRB		CASSQGHGTATYEQFF	imgt_cdr3			my_pwm_model		-1	
fbf8f705115246f4b32659d7a595f09f	TRB		CASPLISLSNNPQHF	imgt_cdr3			my_pwm_model		-1	
44693a53109c4a9cbf1b9a0b70287a6b	TRB		CASSSEKTQKAPRETLYF	imgt_cdr3			my_pwm_model		-1	
22a7dbf5c25740859a85674116f93461	TRB		CASNRSRTELFF	imgt_cdr3			my_pwm_model		-1	
01b8e3bac19e4fdab4bb84ec71a4a321	TRB		CSSGAGYGGQTF	imgt_cdr3			my_pwm_model		-1	
cba44fe1a3ed4037a7be81e78590360c	TRB		CASRVRGGYSAYF	imgt_cdr3			my_pwm_model		-1	
07acf29907fc4b828017f9869fd4ff9b	TRB		CASIQGKGSAIKQTF	imgt_cdr3			my_pwm_model		-1	
e47a8bd716be4f4b9832e0116dd6c192	TRB		CASYDGEQFF	imgt_cdr3			my_pwm_model		-1	
7566cf7910054cc8a1377fc44e04ccde	TRB		CASQRLTENRYYF	imgt_cdr3			my_pwm_model		-1	
e916acc9219f4eb89c85b6e41062e78e	TRB		CASSLVAAGGNNNEQFF	imgt_cdr3			my_pwm_model		-1	
ed0b4c9a938b4208a78451d7aae5e9f1	TRB		CASSLYGEGGCNNTQFF	imgt_cdr3			my_pwm_model		-1	
f1562f036c6a421391b1ea33b2812f22	TRB		CAMTSTGETYFF	imgt_cdr3			my_pwm_model		-1	
e41271e732f0489e94a71d3156e66d4f	TRB		CASSAFYRGQSNEEQYF	imgt_cdr3			my_pwm_model		-1	
685d37d33a794e69b8805c3c9519806f	TRB		CASILTGDANEQYF	imgt_cdr3			my_pwm_model		-1	
5fa6a5c214b04d39bce410ecd882ffbc	TRB		CASSLRNMAGFGNKLFF	imgt_cdr3			my_pwm_model		-1	
532bf8e24bf2415c92dc36f3e937f706	TRB		CASRLVIERSGFGYQTEAHF	imgt_cdr3			my_pwm_model		-1	
01e54aff1a864eba91fe69dc31dc07dd	TRB		CASELGPTICYPQHF	imgt_cdr3			my_pwm_model		-1	
89ac77bd4ec84a929a814a03b15b9115	TRB		CSASGTPARTPYYF	imgt_cdr3			my_pwm_model		-1	
b4e32affa6a84ee5a59ea0245228598f	TRB		CASSPPAGYPQYF	imgt_cdr3			my_pwm_model		-1	
252eb4a112b74298b912eae5bc51e2cc	TRB		CASTQRDGQTF	imgt_cdr3			my_pwm_model		-1	
e60dc72f33f04a558749bf1ee310acdb	TRB		CASSQRRHSRTPQHF	imgt_cdr3			my_pwm_model		-1	
c3827383b20e4317a2e1d5dea2a3b344	TRB		CASSERASGGYYTQYF	imgt_cdr3			my_pwm_model		-1	
9f8d251f0451461b80f79656e2692c2d	TRB		CASSLAGGSTYNPQFF	imgt_cdr3			my_pwm_model		-1	
e25e62eed4504f3b8bff6225a5a27b1a	TRB		CAISLKSGYVYHF	imgt_cdr3			my_pwm_model		-1	
409362658ef449e6b91c4614a21c23ee	TRB		CASSLMPRSLYSNKQTF	imgt_cdr3			my_pwm_model		-1	
7f31038e9c044176b73ad201ca7be727	TRB		CASSRRIESRYDEAYF	imgt_cdr3			my_pwm_model		-1	
69178c0e780b4a59992d7cf45647be62	TRB		CAASHFTTASSPRTPQHF	imgt_cdr3			my_pwm_model		-1	
752f48886d734a48b53a57c13c82921d	TRB		CASSRSIRRRVYNNTLYF	imgt_cdr3			my_pwm_model		-1	
8be106b214fd44f8a183e5d5b577b1e7	TRB		CASSLKAGCPSTKLYF	imgt_cdr3			my_pwm_model		-1	
8fdfbb7945b94e9da148187f6fd3a949	TRB		CASTVRGTEQFF	imgt_cdr3			my_pwm_model		-1	
b247a88f715c4c689ecdf4ef2945431a	TRB		CASSGARRDWIRTYEQFF	imgt_cdr3			my_pwm_model		-1	
e9a6a5651e3e47359ad2f1d3525a7259	TRB		CATVRARDEAFF	imgt_cdr3			my_pwm_model		-1	
21eebec4710f41d289b8d7474c573c17	TRB		CASRDGLGRGSYQGAFF	imgt_cdr3			my_pwm_model		-1	
3afb385f7f4f46fe8ab6adc5c476ff8d	TRB		CAESARVRGEQYF	imgt_cdr3			my_pwm_model		-1	
e05f90e3ffe7474098a408a8f2f8a4a5	TRB		CATSLSMGRGNSGQTF	imgt_cdr3			my_pwm_model		-1	
421f7416021c43d1ad6ea3ecfc69c07c	TRB		CAISQDGRKGNVCQPQFF	imgt_cdr3			my_pwm_model		-1	
52315da2fbaa46659ba38c43ca952021	TRB		CAAAAGRYESYF	imgt_cdr3			my_pwm_model		-1	
fcbb73faf95c45e68f6867f2a3ac1a38	TRB		CASSDAGGNYEQYF	imgt_cdr3			my_pwm_model		-1	
a0df6b557b194e479d8a2b1b77a2e589	TRB		CASSLGIGTGGSGNTTLYF	imgt_cdr3			my_pwm_model		-1	
19a20325293b4c85b79a75960aad8490	TRB		CASSLHSDVRSSNYEAFF	imgt_cdr3			my_pwm_model		-1	
b7ee9cd22505400db7a7f94d361a2647	TRB		CAASYGQSGNTEAHF	imgt_cdr3			my_pwm_model		-1	
63927eb4d0b54448bc8a97f76042ccee	TRB		CATSPPIRHYEQHF	imgt_cdr3			my_pwm_model		-1	
126cf890cd3642d9ac8837c849bda33d	TRB		CASSAGATRSPYYF	imgt_cdr3			my_pwm_model		-1	
1b97e7fd023c4b89aebde7f5444556d9	TRB		CASTGQGNTQFF	imgt_cdr3			my_pwm_model		-1	
963d16a8d80a4baba8233e36089eecdd	TRB		CASTQLQEYFF	imgt_cdr3			my_pwm_model		-1	
ad479f394c8f45fdbe3b2a092c9b2f92	TRB		CASTRTKMNHGLFF	imgt_cdr3			my_pwm_model		-1	
dbc280eabc0041009089a0de55520100	TRB		CVTGREELYF	imgt_cdr3			my_pwm_model		-1	
a8756c390da742bba7156240dae7fb6a	TRB		CASGDINAAFF	imgt_cdr3			my_pwm_model		-1	
c7bd26aa6c2b490895f83a9d4ade2805	TRB		CAWGTPTADTQYF	imgt_cdr3			my_pwm_model		-1	
0dc9726464724f019aaadeac11d2bc4c	TRB		CSSSLGGGRRTGPQTF	imgt_cdr3			my_pwm_model		-1	
ce9016d8555b42ca9e4bda923782eb4d	TRB		CASPLLVSYVQFF	imgt_cdr3			my_pwm_model		-1	
a982a75633de4113b6aaef7a2cd5dda5	TRB		CASSATGSTPQTF	imgt_cdr3			my_pwm_model		-1	
bdf6b2efe26c4630ba7c2249cbf9dfcc	TRB		CATSQSAEGSYTGYHF	imgt_cdr3			my_pwm_model		-1	
8dc1ef704942410ea7292a27f942ac80	TRB		CATNGQFF	imgt_cdr3			my_pwm_model		-1	
dd3915850c5b4f58921273d5d7df652e	TRB		CASSDVNGRGHREGSYAPYYF	imgt_cdr3			my_pwm_model		-1	
cec9dd90a9bd48f8a6de5054c316e1de	TRB		CASRGGNDEQFF	imgt_cdr3			my_pwm_model		-1	
a47992e0be4d4bfcad6ebcb0123e0c91	TRB		CASSLGETQGEAFF	imgt_cdr3			my_pwm_model		-1	
b41024fa491649d2aa714012156e306d	TRB		CSSSLYGTEYFF	imgt_cdr3			my_pwm_model		-1	
d89022bffdcd45b9b34d5bc6eb9047d5	TRB		CASNRDSAGGIQVQEAYF	imgt_cdr3			my_pwm_model		-1	
c66d2831c24346638454419a79bdf6f1	TRB		CASSLLAVSGNYEYFF	imgt_cdr3			my_pwm_model		-1	
47823e3658764c33b28c080ffbbf652e	TRB		CASSPDGACRANNTQYF	imgt_cdr3			my_pwm_model		-1	
406145323de6438788a59b178727dd12	TRB		CASSCKDQGLGSQLFF	imgt_cdr3			my_pwm_model		-1	
574067141898409db23493262c4005ff	TRB		CASSLAPEDAGEEYYF	imgt_cdr3			my_pwm_model		-1	
3714688d720a43fb8d90a4e05c630a59	TRB		CSSGGRGEQFF	imgt_cdr3			my_pwm_model		-1	
cd9138fcbc2f4b72bed3e039c79eb883	TRB		CASSEGGENNYPATF	imgt_cdr3			my_pwm_model		-1	
89cb323e262d4d74bd9368bff623442e	TRB		CASSPGLGNLYPQFF	imgt_cdr3			my_pwm_model		-1	
7361040abbb747b380b5aa022f9178a4	TRB		CASSGARSGNYPAFF	imgt_cdr3			my_pwm_model		-1	
71dbfd1156fc41bc8bbb6b919f7ca0a4	TRB		CASSLGCPTIIGCEEQYF	imgt_cdr3			my_pwm_model		-1	
bd90a16babad40079593b31f8ee0ddea	TRB		CASSFPATRDQEAFF	imgt_cdr3			my_pwm_model		-1	
4e466526e4b5488a8a1af5e19bd2e7e2	TRB		CASSERTRFEMGYKLTF	imgt_cdr3			my_pwm_model		-1	
8c226208cf7541feae596efaf396cc90	TRB		CASSPDDGGTYDEQFF	imgt_cdr3			my_pwm_model		-1	
11f738a438a2426eb61d51dce48e267c	TRB		CSSSLRSVGQYYF	imgt_cdr3			my_pwm_model		-1	
bad7e505f8f6480a92fecae8292ddc3c	TRB		CASSLVIGQSQGALNSTAFF	imgt_cdr3			my_pwm_model		-1	
0bf827cea7fe471f92a512e453130d81	TRB		CASSEGLGSNYEQYF	imgt_cdr3			my_pwm_model		-1	
7bd0160fe75e45ac85ef198a147522ca	TRB		CSSSSDGHTYEQYF	imgt_cdr3			my_pwm_model		-1	
8e8f9776bbc84539a2d5183803ff975a	TRB		CAPSKQAPTEQTF	imgt_cdr3			my_pwm_model		-1	
9590e7cda2b24c22a320b0fbbaa5d97a	TRB		CSSYSGGGNQPQFF	imgt_cdr3			my_pwm_model		-1	
4f8c3c9d192243768e5dffcd43e3a354	TRB		CATSWGLSSTYGQYF	imgt_cdr3			my_pwm_model		-1	
9a166c7a45c34fbf94350c54ffee3ad2	TRB		CAPGQRPPQYF	imgt_cdr3			my_pwm_model		-1	
531b0f7cae1943b6b19bd58265c12243	TRB		CASSGGTAGGASYNTLYF	imgt_cdr3			my_pwm_model		-1	
fbdc8d4925d9453398bfcaf875a4ae3b	TRB		CSSSVGLAGGGKSGQYF	imgt_cdr3			my_pwm_model		-1	
6fed6740cf244dad9dfaa81772da9fbe	TRB		CASSLGSQYGNQEQYF	imgt_cdr3			my_pwm_model		-1	
d70cd86a999945b79e75a4d335e09cad	TRB		CASRPRDTLPYYF	imgt_cdr3			my_pwm_model		-1	
a7481cf45fa64e0f9e82232ee91fd86c	TRB		CASSRRVGHRMGYTQTF	imgt_cdr3			my_pwm_model		-1	
2babfddfa2944ef6a870b8fbfa5a88ab	TRB		CASSLGDGTEIGRDGGQYF	imgt_cdr3			my_pwm_model		-1	
c2ba60995a714f46a3fdfd19792752cc	TRB		CASSFRGAGASSYPQFF	imgt_cdr3			my_pwm_model		-1	
b3980d1569d6444e94822a2bc6151b73	TRB		CASSGQREEAYF	imgt_cdr3			my_pwm_model		-1	
ff731bdbd092466cab1e7f0eb946cd73	TRB		CASSFGSSGTQDGLYF	imgt_cdr3			my_pwm_model		-1	
4069bc8459134c478e8d37000736e5c3	TRB		CASSAGSNYGQTF	imgt_cdr3			my_pwm_model		-1	
1df0352ded614161af28afdd115e8289	TRB		CASKGRCGYEQFF	imgt_cdr3			my_pwm_model		-1	
6aa775f41e464e8c8b9beded23a17c00	TRB		CASQGGNYEQYF	imgt_cdr3			my_pwm_model		-1	
318273125c0943418c789debbabbe1c8	TRB		CASFFRPYNNEQYF	imgt_cdr3			my_pwm_model		-1	
ca868d2e5a884ef4be91c7288754c5b1	TRB		CASSPGQEKAFF	imgt_cdr3			my_pwm_model		-1	
5756a55487e449e398f797b5b00f517c	TRB		CASSHDLNLLGRYGYTAYF	imgt_cdr3			my_pwm_model		-1	
511399d7e4234d88978f379c524adce5	TRB		CASSHGGSQTPYYF	imgt_cdr3			my_pwm_model		-1	
0a40a9f59ade4bf2a5fca037b1805ce3	TRB		CATSTGVTTAEAYF	imgt_cdr3			my_pwm_model		-1	
32b0664a33384ba39586e52361dd01d4	TRB		CASSVRGSETTPQHF	imgt_cdr3			my_pwm_model		-1	
14e6aaf6cab841b2996112672207a7e7	TRB		CASSLGYGPRAYELITF	imgt_cdr3			my_pwm_model		-1	
8cee7bef55cc4da18b04c5096111b462	TRB		CAANEWGRGGGNDVQTF	imgt_cdr3			my_pwm_model		-1	
9fdbcce33311494f9e9f50f8f883eb22	TRB		CASRCNQGYHF	imgt_cdr3			my_pwm_model		-1	
7093a0e3f6ec4752bfde3051c9fae575	TRB		CAAHRGGTTLYF	imgt_cdr3			my_pwm_model		-1	
4612f2efccf34b37951a050efffcf915	TRB		CASSAGVPSLQEQHF	imgt_cdr3			my_pwm_model		-1	
1804b156eff54ed68cd2b5d23c2eed76	TRB		CAASLYDPDEYYEQFF	imgt_cdr3			my_pwm_model		-1	
8885608ba6914e2ebac11d0da75a2b2d	TRB		CASQSKAEEAFF	imgt_cdr3			my_pwm_model		-1	
3da35584a0574ba2ab6832dc04fa2086	TRB		CGGEAFF	imgt_cdr3			my_pwm_model		-1	
44f0413cae324e298ebd27e3475e39eb	TRB		CSSSLTGAATRSQKQYF	imgt_cdr3			my_pwm_model		-1	
b5a1e837071544cf915fa7a46f1a1821	TRB		CATSPPHARRCGTKLFF	imgt_cdr3			my_pwm_model		-1	
f037cb460cf54686b07289adba05d47b	TRB		CAARADYGQHF	imgt_cdr3			my_pwm_model		-1	
19b1ff8b76924ec0bf2a169f99e8572a	TRB		CASSWGPATVGRTGEQHF	imgt_cdr3			my_pwm_model		-1	
1d6dfca43f2340988daa4dc8bcadb543	TRB		CASSLSSGRYVPLFF	imgt_cdr3			my_pwm_model		-1	
f8e0d7d5323444ef9b342fd2809b1901	TRB		CASSFTRGATTPEQHF	imgt_cdr3			my_pwm_model		-1	
5ed0165e414245d4ac71e6821c1c8f4c	TRB		CSSSRGPEGPEQYF	imgt_cdr3			my_pwm_model		-1	
6bdf79842caf426fb14ea231d806c25f	TRB		CASSLRKLYYGEQHF	imgt_cdr3			my_pwm_model		-1	
daa9332863374816b88e8dd9ea44b08e	TRB		CAWSDCPNTTLGQEQTF	imgt_cdr3			my_pwm_model		-1	
d42c1abc551c4706ad4887ab0a60c569	TRB		CASRSSMNEAYF	imgt_cdr3			my_pwm_model		-1	
a936ef3a092f4726968166d170bf939a	TRB		CAASPLCGDGLTF	imgt_cdr3			my_pwm_model		-1	
cf5e8f477aab45a3a0353f6591ae9092	TRB		CATSVSDDDQTPQYF	imgt_cdr3			my_pwm_model		-1	
53f7769d5f4f4400a60086e3cf38bf28	TRB		CASTLLGLTHPQFF	imgt_cdr3			my_pwm_model		-1	
2d63c94a2cc44ddb8a62b04aa0855e4d	TRB		CASGGGLPYEQYF	imgt_cdr3			my_pwm_model		-1	
0204d29a6c08455eb9c7fcce0ab2d259	TRB		CASSLYWVEQYF	imgt_cdr3			my_pwm_model		-1	
fa495f660059497ea4f0b9b06af696d4	TRB		CATRSALGGNGQYF	imgt_cdr3			my_pwm_model		-1	
dceca674074f48b3b79c8de707d25ba7	TRB		CARSRSTFLKHEQFF	imgt_cdr3			my_pwm_model		-1	
973483678fa842df9dab37e96961c70a	TRB		CAALLQSGWSAQFF	imgt_cdr3			my_pwm_model		-1	
82af180dc6a94aa5beab552812118854	TRB		CAISHPPRFLRNQVQHF	imgt_cdr3			my_pwm_model		-1	
18d2b9dd9acb446985887dd9c98736be	TRB		CASRQDSRGKRSGPQHF	imgt_cdr3			my_pwm_model		-1	
c8d2c87ab9684edaa344e98b9632f241	TRB		CASSLQRPAGDEQYF	imgt_cdr3			my_pwm_model		-1	
5446123d78794b888a902167088c2b52	TRB		CASSLPGGNGGEQYF	imgt_cdr3			my_pwm_model		-1	
c4d06847592442098d89b0249ac632fd	TRB		CASSVDPTQYF	imgt_cdr3			my_pwm_model		-1	
b0cd6c4e403b4f478a3e32ab76e8ae1f	TRB		CASSPTPHRGDYTQPYFF	imgt_cdr3			my_pwm_model		-1	
bb59f8a0ecdc49a380e6d984dba3a357	TRB		CASSNQPSNNQELFF	imgt_cdr3			my_pwm_model		-1	
ebede7d31bd34a1c9434f04bbc311e8b	TRB		CASQSQRGRGGELHF	imgt_cdr3			my_pwm_model		-1	
5310f3ef3f634ca49634ba99618cfd9b	TRB		CASSLQVHLRVSLSQDPLFF	imgt_cdr3			my_pwm_model		-1	
c39bf1ff0b6c44ffbfe7e49f71d6cb46	TRB		CSSSLRDYQHTQFF	imgt_cdr3			my_pwm_model		-1	
9a42b66baf084a95b4225f47a07d2b9c	TRB		CASGNGPFQFF	imgt_cdr3			my_pwm_model		-1	
c4f97ada4da84ec197d1c9b7381b296a	TRB		CASSGGERTDSSRATTQYF	imgt_cdr3			my_pwm_model		-1	
9937e597692542c29358b07db1ec4c2e	TRB		CASSPLTAGNDGYYF	imgt_cdr3			my_pwm_model		-1	
8b3b694e1ac14236a22c7875a9a0d25a	TRB		CASSPATELPANGQYF	imgt_cdr3			my_pwm_model		-1	
00c9adfdd05c43418382415c05590dbc	TRB		CASVDTRHNQELTF	imgt_cdr3			my_pwm_model		-1	
7f119aa8b5864b42bb488768ce17fa0e	TRB		CASSWRAGQNETQYF	imgt_cdr3			my_pwm_model		-1	
01741656f05c4f5086ecc642c241d041	TRB		CASSLGGQYGQHF	imgt_cdr3			my_pwm_model		-1	
50ba0f18caac47e4bd763ad189149f3c	TRB		CASTLGTGVGADNDEQYF	imgt_cdr3			my_pwm_model		-1	
40438d231a264da68af72691351b8b3b	TRB		CSAPTYYGLTF	imgt_cdr3			my_pwm_model		-1	
69bc4b6561b04c5bb5f9ac2371b13956	TRB		CASSAGDGTSKYIQFF	imgt_cdr3			my_pwm_model		-1	
0e784a911e7a44c580aecb0067a472b7	TRB		CASSQQKTPQFF	imgt_cdr3			my_pwm_model		-1	
9fb360d01c3a4bf885d2168014dc07ba	TRB		CASSDGSRGGQVQFF	imgt_cdr3			my_pwm_model		-1	
8cd3d2a9a01649278b17ca01f99afd2f	TRB		CASSFKLRGKDQRVSGNGQFF	imgt_cdr3			my_pwm_model		-1	
dfc4565f0dc24fe4a2e9b9a0d5085e04	TRB		CATSSRQGRSTSEAHF	imgt_cdr3			my_pwm_model		-1	
a36bbef03de3466fa825834e204aa084	TRB		CASSDCSSVARGLTF	imgt_cdr3			my_pwm_model		-1	
e8eea9142a6e4b24b2ed54662ff09443	TRB		CASTDTGVYHF	imgt_cdr3			my_pwm_model		-1	
4a54b3cb41d340f5a2aebe661012ffc4	TRB		CASTCGVNPEQTF	imgt_cdr3			my_pwm_model		-1	
d92b8472786f417b980903057b7a2fec	TRB		CASSDTGKSGQGQYF	imgt_cdr3			my_pwm_model		-1	
cbabb76cb992412b994f5545ccfe48c5	TRB		CASMLGRTFNHTYHF	imgt_cdr3			my_pwm_model		-1	
285faa15b4e444779939cc7f351313f2	TRB		CASSQNTGYGSSYKLHF	imgt_cdr3			my_pwm_model		-1	
9c559dfb1cd449e09cfcf64cee385cac	TRB		CSASRWFVGKISEEQFF	imgt_cdr3			my_pwm_model		-1	
c562bdc9f02143f394f0973507f7e6a7	TRB		CASSCQVDHASDGLYF	imgt_cdr3			my_pwm_model		-1	
cdc71c4bf20840c9bd21d9d698692c77	TRB		CASSLPQRPSTQTLHF	imgt_cdr3			my_pwm_model		-1	
d2324539a9eb4ed6999d8910263997c4	TRB		CASSHGVYELFF	imgt_cdr3			my_pwm_model		-1	
b6bf1f2cf4194b07aa5eacfc6e9a0f6e	TRB		CASSHCTANESGNELFF	imgt_cdr3			my_pwm_model		-1	
c85da8b1dfad4882a17435dbaa050395	TRB		CSSSLGNRALYYEQTF	imgt_cdr3			my_pwm_model		-1	
228e19ea6a734e0b97cd8037b0f42cfb	TRB		CASSPGLRSSNYEYHF	imgt_cdr3			my_pwm_model		-1	
9ad7fc11da9b4c1b9bfdae84a747857c	TRB		CASTLEATASLPSTNNKQFF	imgt_cdr3			my_pwm_model		-1	
ea5a3c52c5b341d3b8d7736ace8f9a95	TRB		CASMLWGYLGDEATF	imgt_cdr3			my_pwm_model		-1	
48608cf958784cca90e55e0a4c58dc51	TRB		CASNPSAGQRGQIQYF	imgt_cdr3			my_pwm_model		-1	
42f6a8214aeb428cb9114772eb8f8302	TRB		CAASGHTDYGQYF	imgt_cdr3			my_pwm_model		-1	
1b69ba20418d4b7ab42a917344e1c6d8	TRB		CASSLHDTLNHTAFF	imgt_cdr3			my_pwm_model		-1	
dae6a26b7e9c4f59a7967ab19fccf43f	TRB		CASSGGEQDEQYF	imgt_cdr3			my_pwm_model		-1	
715d3844a8e74e54aa01a9faef933157	TRB		CATVSGAVMNGYTQYF	imgt_cdr3			my_pwm_model		-1	
46a14b6bfd034a988f56629ecc51d6b5	TRB		CASRAGCRSQGPYQQTQFF	imgt_cdr3			my_pwm_model		-1	
13b861ee823e4d4192b85f499492fcd7	TRB		CARSGRGRKAPSNNELYF	imgt_cdr3			my_pwm_model		-1	
dd952be4a1724af287af78fc5606fab6	TRB		CASSPGLCGEQYF	imgt_cdr3			my_pwm_model		-1	
2aa005ebea1747f0a88e41571974fced	TRB		CAASPEVRTAYF	imgt_cdr3			my_pwm_model		-1	
0150a2a65d654c0d9e5df9feb195079f	TRB		CASSLAESRSAADTNTLYF	imgt_cdr3			my_pwm_model		-1	
74ac8f9b43614c43a84cb5fe6e9f4f89	TRB		CASSGGSGRPARRYYGNYEYTF	imgt_cdr3			my_pwm_model		-1	
6467dbd558a04813abb0c25452bcb4e2	TRB		CATSLRPVGPCIEPAYF	imgt_cdr3			my_pwm_model		-1	
7601bca5fe244440a600bf0f532e5380	TRB		CASSCTPDKDNTPQHF	imgt_cdr3			my_pwm_model		-1	
2f2809951fa448748230f2858ead40df	TRB		CASSGGNSEQTF	imgt_cdr3			my_pwm_model		-1	
3f0f2bc6b0684ca683699d09ae9d2b3f	TRB		CSSSFRGFGNSNEQFF	imgt_cdr3			my_pwm_model		-1	
efa74a9692384b63a5b73532752400e7	TRB		CASSDFYFYFF	imgt_cdr3			my_pwm_model		-1	
20fff4843c6e4007bc1c5681deaa8e4d	TRB		CSSSGPGTELTF	imgt_cdr3			my_pwm_model		-1	
7ace5d25334841bdb265cc14783e9629	TRB		CASAAEVYELFF	imgt_cdr3			my_pwm_model		-1	
cbba4be84d0a4751bcc0faf803285659	TRB		CASTQSGTHEQSEQYF	imgt_cdr3			my_pwm_model		-1	
71666e2fa0fc4bd6871e2dd7d70ed4f6	TRB		CASILPGGSRSDEQYF	imgt_cdr3			my_pwm_model		-1	
8d29c58e77674e3b86f41f4b3182e61d	TRB		CASGQNTKIYF	imgt_cdr3			my_pwm_model		-1	
6a2d9d52e4cb42978c2e46a96f1a2673	TRB		CAPILGRRDSYPQYF	imgt_cdr3			my_pwm_model		-1	
ad73b2b10663443895f3f572982bd147	TRB		CVMSDNNEQTF	imgt_cdr3			my_pwm_model		-1	
78233776fe8745f3a8e6c96624f6e0c3	TRB		CASSREGRTGSNNEAFF	imgt_cdr3			my_pwm_model		-1	
bc1142cd27014912a0d840d6378ffd08	TRB		CAASLGTGGVGAYEQYF	imgt_cdr3			my_pwm_model		-1	
c17c8178da864d628e51ad888c89c5f7	TRB		CASGGGQEGYVF	imgt_cdr3			my_pwm_model		-1	
25b4fc4c446a4be096343954191b474d	TRB		CASSEGSQTNRGNTEQTF	imgt_cdr3			my_pwm_model		-1	
47feb573939d40e3be330defa83e11ff	TRB		CASSLGWSGENEPLFF	imgt_cdr3			my_pwm_model		-1	
91498655b631418e815c1384d8ceeee2	TRB		CAIRLERERSAANQPQHF	imgt_cdr3			my_pwm_model		-1	
a9bb2432abd947cdb36d0633bd94b916	TRB		CASSAPPTAPRTQPQYF	imgt_cdr3			my_pwm_model		-1	
7db00bc87a7b456599337326336dee2d	TRB		CARNKQGRKYYF	imgt_cdr3			my_pwm_model		-1	
36a423f744774fe1be768394a86f42ca	TRB		CSASHLQETGPQYF	imgt_cdr3			my_pwm_model		-1	
59bcd82aa6ef42219f39ceeb93bee582	TRB		CASSARHGSRYEEQHF	imgt_cdr3			my_pwm_model		-1	
dc50ddeac6e341998b3970471ef8bb21	TRB		CASCQGVTGNEELFF	imgt_cdr3			my_pwm_model		-1	
5ce61328ad0a4b2c85d85c7545b80849	TRB		CASSGSAPASAFKYGLFF	imgt_cdr3			my_pwm_model		-1	
6a0627c5de234224a6bc909bb963339e	TRB		CASSDGIPSTQTAHF	imgt_cdr3			my_pwm_model		-1	
72b194d74a0147e8bbab39f2b12a40d2	TRB		CASSLPAGAGSKRPLHF	imgt_cdr3			my_pwm_model		-1	
f1744e014e894dd1a7a572cc236d3203	TRB		CAAVCRGELYF	imgt_cdr3			my_pwm_model		-1	
8bca608921b543c88af9fa1abf2f8485	TRB		CASSGPRHNEPAHF	imgt_cdr3			my_pwm_model		-1	
8814e442c77b4c5ebb586cf80832c9a5	TRB		CASSLRDRGLDSTQFF	imgt_cdr3			my_pwm_model		-1	
c10e28d592a743949d278f156bf8ec05	TRB		CAADWGLTGAFF	imgt_cdr3			my_pwm_model		-1	
2b3055260e00485a892d6bc0484400e1	TRB		CASITSHGNNGQFF	imgt_cdr3			my_pwm_model		-1	
3a57c1a7e4134764b5214236a482bbe4	TRB		CASSPYYAQYF	imgt_cdr3			my_pwm_model		-1	
33a1ff08c1a74e9dac608f5f53caa04b	TRB		CASSPVRGPAGGTPQFF	imgt_cdr3			my_pwm_model		-1	
951fc479d67c4f54b0fdbaa6ae41d685	TRB		CLINKQAGYKQFF	imgt_cdr3			my_pwm_model		-1	
7e49c23a184e4208927c12c6cab079be	TRB		CASSIRELQEQYF	imgt_cdr3			my_pwm_model		-1	
984342a6e81e42e096598a441cc28679	TRB		CASGIRRLDIQYF	imgt_cdr3			my_pwm_model		-1	
bfbca3b4d6c74f65abc8817dc6b3d232	TRB		CAASSPTGGGSSTNEYHF	imgt_cdr3			my_pwm_model		-1	
3b5e811343824ff4a1dc7f324c9f0dd5	TRB		CAVTLTDTAIVTPLHF	imgt_cdr3			my_pwm_model		-1	
5b4a9bbba7c2441f82a558ab6ecbef03	TRB		CASSPAETSGDEQYF	imgt_cdr3			my_pwm_model		-1	
39a3ddaf5fd24639b0118df0f3700a08	TRB		CASSLVDGEKGDQTQFF	imgt_cdr3			my_pwm_model		-1	
d166f8d6dc9142e5a02616af7649a4fe	TRB		CASSPWGTGGNPAFF	imgt_cdr3			my_pwm_model		-1	
2fb33156617d49d6904889fdef9f26f5	TRB		CASSGDLGTAYKQFF	imgt_cdr3			my_pwm_model		-1	
74719ffd099d4de580296382382ae355	TRB		CAASVCSSGNNPLHF	imgt_cdr3			my_pwm_model		-1	
5864404218fe448ba4204a20026726f9	TRB		CATTVGGHEANTAFF	imgt_cdr3			my_pwm_model		-1	
b94f3e4696eb4624975cd9c8faf07180	TRB		CASSLPTAGGPTEQYF	imgt_cdr3			my_pwm_model		-1	
273818ea43b54caba3a3156ab48aef5f	TRB		CARSYEGRNNYPAYF	imgt_cdr3			my_pwm_model		-1	
8e8e3412fa3b48d58632d65b4e156490	TRB		CARSWTAYELFF	imgt_cdr3			my_pwm_model		-1	
825d506e9cff4fceaa43b5adf4953c0c	TRB		CASSSGSIVINPQHF	imgt_cdr3			my_pwm_model		-1	
2f836b6959734707b80994b69ef147ea	TRB		CASSFQRDATNTIQHF	imgt_cdr3			my_pwm_model		-1	
477733c159f94feeafd6a9aa69541c5e	TRB		CSSSDGGEGGNPQFF	imgt_cdr3			my_pwm_model		-1	
2ddaccea965842d096547a9141cea776	TRB		CASALTDGGAGIYPQYF	imgt_cdr3			my_pwm_model		-1	
b1a66d41803240c6809bec5ec50703e4	TRB		CAISLIFRGQSANPLYF	imgt_cdr3			my_pwm_model		-1	
45aa00ef0b69481db7755dbf3abb3052	TRB		CASSADHGTRQPNQPQFF	imgt_cdr3			my_pwm_model		-1	
95e634d3d266404c8db656fce48c56a3	TRB		CASSHTGILAIRFLASSYNELYF	imgt_cdr3			my_pwm_model		-1	
941be68e07ee469c89e5bc5601436103	TRB		CASSLGGREVGSTTYPYYF	imgt_cdr3			my_pwm_model		-1	
630d88f6f10647cd941918d1985b0f74	TRB		CASSLQDISPGGGLGSNTDTLFF	imgt_cdr3			my_pwm_model		-1	
66e57ee7796145228d405bdacc4dd5b2	TRB		CASEIPRYEQFF	imgt_cdr3			my_pwm_model		-1	
3282a48cbc004a79a5d0e992dee9f577	TRB		CASSAGSSLPEQHF	imgt_cdr3			my_pwm_model		-1	
a9dedb62800847c5866cec794a5cf3ff	TRB		CASRGGEVFQELYF	imgt_cdr3			my_pwm_model		-1	
484412cc853d41cb9e5d27083e34c071	TRB		CSSTVGLEDPQYF	imgt_cdr3			my_pwm_model		-1	
a9aa4d6187d544e498c46be73f1c6bdd	TRB		CASIRGLVGQYF	imgt_cdr3			my_pwm_model		-1	
3bca317150bf491591554e8e8a9cacd0	TRB		CASQVGLYKQFF	imgt_cdr3			my_pwm_model		-1	
cf020bb752034da5aedfc677184bf070	TRB		CSSSQGPSNQPQYF	imgt_cdr3			my_pwm_model		-1	
5be60f902cb74e828d94a85b72d4b637	TRB		CASSLTTREPEDSNEIITF	imgt_cdr3			my_pwm_model		-1	
4e64459be9eb496e8329e0a043d27ef7	TRB		CAASYHIMSLDMGQELYF	imgt_cdr3			my_pwm_model		-1	
ba5c7d3769ec4ae9b2f8a8a022885c89	TRB		CASSERDSLRTGEPLIGYNTQFF	imgt_cdr3			my_pwm_model		-1	
b537c57970d04ff895100a71c3dd2add	TRB		CASSLSPGTRPYTQFF	imgt_cdr3			my_pwm_model		-1	
ce9550ac301347f091b1999440dc26aa	TRB		CASSLWDLDSYGQFF	imgt_cdr3			my_pwm_model		-1	
8e902f846271482fb3795b7d672323d6	TRB		CASSGLDSNYEQYF	imgt_cdr3			my_pwm_model		-1	
3abda0cf33f443f295f00c8a1d5bdf3b	TRB		CAGYGPDGIIQEQFF	imgt_cdr3			my_pwm_model		-1	
0fc56acca7364ce5a35f7533b019d8be	TRB		CASSIPSAWEQYF	imgt_cdr3			my_pwm_model		-1	
2e2dd6c52c3b432889f4829a4e4cf22d	TRB		CASRDGSGGFYTEYTF	imgt_cdr3			my_pwm_model		-1	
8897c335123c4ed2a2f994699b309cdc	TRB		CASSLGTGRTTEQTF	imgt_cdr3			my_pwm_model		-1	
57eb5317d4624d5baddc201b0ebde236	TRB		CASSLVTLLGGGGIGGELYF	imgt_cdr3			my_pwm_model		-1	
27f55c78bbb646319fc529eae71ef5f3	TRB		CASRLKRTITSESTSTAEAFF	imgt_cdr3			my_pwm_model		-1	
0a57d9bb3a554818bab569999e2a8393	TRB		CSSSGDHGLANELYF	imgt_cdr3			my_pwm_model		-1	
a065dd2bd3b94296a183590d6e85d32d	TRB		CASVTLGRRYEQYF	imgt_cdr3			my_pwm_model		-1	
c25eb276b34141feb922009fa1a84814	TRB		CASSYGGISTTELTF	imgt_cdr3			my_pwm_model		-1	
353d1b87724b4c5c97a878b4ee68c5d0	TRB		CASSLQAGYETLHF	imgt_cdr3			my_pwm_model		-1	
9279df343231486c971ec04acdcea831	TRB		CASSLRIAGPQYF	imgt_cdr3			my_pwm_model		-1	
d64600d1eecb4460a27311a1cff43f9e	TRB		CASSLTYEQYF	imgt_cdr3			my_pwm_model		-1	
8661c0c8c0654f62a804b772069e6247	TRB		CASAQGFEPATF	imgt_cdr3			my_pwm_model		-1	
68c4b74e8597422caebbc613a6e1abf9	TRB		CARSGYLREAFF	imgt_cdr3			my_pwm_model		-1	
7854cce78d064c54bf8312e54eec740f	TRB		CASSDLIIDGRTQTF	imgt_cdr3			my_pwm_model		-1	
088d91ddff5f4d66aed7be375a114c5a	TRB		CAVSGGWVEQYF	imgt_cdr3			my_pwm_model		-1	
161cf3cdc2c141d4ae9990969fe74218	TRB		CAGGRSEQTF	imgt_cdr3			my_pwm_model		-1	
f5a44b7d2b974e6b9781113db4f6c2b2	TRB		CASSVGGPDGQFF	imgt_cdr3			my_pwm_model		-1	
68db0006aefd40ce851cf3f6d87a757d	TRB		CATPRGSYELTF	imgt_cdr3			my_pwm_model		-1	
b1aa1696ad3b45719bf90c416518c2a1	TRB		CASRLGPGSSNQELYF	imgt_cdr3			my_pwm_model		-1	
32f4d480a7ae42658b11c0086c88b93d	TRB		CASSERHRATEWFF	imgt_cdr3			my_pwm_model		-1	
87ddf0353f3543f6a4d326b645cb67fd	TRB		CASSQLVGDGRFGDQNKQFF	imgt_cdr3			my_pwm_model		-1	
33ab98584aea4e73adec5e7d488ea9d8	TRB		CSSSAFGSAGQYF	imgt_cdr3			my_pwm_model		-1	
90293f8be1324bbc961544566ae383d3	TRB		CASSEQVGSSNETQYF	imgt_cdr3			my_pwm_model		-1	
9988bfdc2dd44f118381238eb42d3726	TRB		CAIPTTDAGEQTF	imgt_cdr3			my_pwm_model		-1	
af8dad1dcbd54cb2a2bce39f227f39e4	TRB		CASRDFFAGGRWRVSNNPQFF	imgt_cdr3			my_pwm_model		-1	
f494ab5784924f4792bc662384275360	TRB		CASSAGPGGYVELYF	imgt_cdr3			my_pwm_model		-1	
182ac2076fcc4e11aa6d51a2ed9f3377	TRB		CASSPQRGTDKQTF	imgt_cdr3			my_pwm_model		-1	
4a9c7dd53e45423089b016551b4c913b	TRB		CASSTGPRNYPQYF	imgt_cdr3			my_pwm_model		-1	
e8bc51915b8042ed8f75c32111ced466	TRB		CASSRERQVSTEQYF	imgt_cdr3			my_pwm_model		-1	
a45171f842994a66a155c1cbb4ce232f	TRB		CASSWGISEVNEQFF	imgt_cdr3			my_pwm_model		-1	
6fe59a4c017744f088c6b814b9f6df24	TRB		CASSYSRLHGGRCQGQYF	imgt_cdr3			my_pwm_model		-1	
8e9a89e794af4bf1bed4da6436c9c1ff	TRB		CASSYRRSGRAYF	imgt_cdr3			my_pwm_model		-1	
ff4f2c6499ed404ba6c254a3b78d1e9e	TRB		CATGLTWYEQHF	imgt_cdr3			my_pwm_model		-1	
ff826390b5a247348c507c5b652a529c	TRB		CASSLGDRRKSAEKQYF	imgt_cdr3			my_pwm_model		-1	
1dd8d6816b204e8c985a51687e588553	TRB		CASSSQRGGPGYPAFF	imgt_cdr3			my_pwm_model		-1	
415d53c4db8c481899dd6a61dfc5cce0	TRB		CSSSLRGRNTEYYF	imgt_cdr3			my_pwm_model		-1	
f7ffbe63e27d42039dcde13105e48e10	TRB		CASAYGCGTGEQDTQYF	imgt_cdr3			my_pwm_model		-1	
6def9026a5f24d76b737237a8817d622	TRB		CASSQTYEGGYF	imgt_cdr3			my_pwm_model		-1	
042f4e85a3b54c44928d7c5befccd4f7	TRB		CASADSVDGQFF	imgt_cdr3			my_pwm_model		-1	
a3dce0af7d354cd3848b4aaf5cd1bc88	TRB		CASSDRIRPVTEYYF	imgt_cdr3			my_pwm_model		-1	
cc347825c1384e49b3d58189c0f5034f	TRB		CATSQQHTTRIGSPLLSYNEQYF	imgt_cdr3			my_pwm_model		-1	
1ec0a69da8374dd6ac706fd01229531b	TRB		CASSLRPGNSEQFF	imgt_cdr3			my_pwm_model		-1	
2bb1c89ec5c7430a9e00909e0dd0dc66	TRB		CASSAQLLRRDPAFF	imgt_cdr3			my_pwm_model		-1	
d0b00ed45c9c4b37ad5e75910c1f4c25	TRB		CASSWDGWRRAAQEATF	imgt_cdr3			my_pwm_model		-1	
96df453af2fa40ae987ac2141f12017f	TRB		CASSYGSTPRSNPEQFF	imgt_cdr3			my_pwm_model		-1	
301a989d5e1a4f8cb4e4b245f990cc5c	TRB		CASGQGSSASGPLHF	imgt_cdr3			my_pwm_model		-1	
b7d88b2a2ef14fdbaefbb6fd084ea0b7	TRB		CAAVADLAGSCNILFF	imgt_cdr3			my_pwm_model		-1	
be3150876caf4ee0bac74d5e13b2913a	TRB		CASSSNPGYFF	imgt_cdr3			my_pwm_model		-1	
03ad462037764693b053d2099a7524f2	TRB		CASSNRGTGRYYEYYF	imgt_cdr3			my_pwm_model		-1	
29bdaf7ca88542cfa4c5eda463eb5bef	TRB		CSTPGGAEGQHF	imgt_cdr3			my_pwm_model		-1	
09699f0d4b8145818d590c7d16b7451f	TRB		CASPLEAGRVPGRTGQHF	imgt_cdr3			my_pwm_model		-1	
5ab2f97bf8b74a51b20a5418126cd633	TRB		CASSPGVGRGPGNEAFF	imgt_cdr3			my_pwm_model		-1	
450268ce91434c01af253f0db07f3ec8	TRB		CASSWVLSSNQPQHF	imgt_cdr3			my_pwm_model		-1	
1aa23a57002a4028b096a4040340237c	TRB		CASSGLLSERGGKGDPQFF	imgt_cdr3			my_pwm_model		-1	
6e31a5b44fa241eba1bfaca8e988f639	TRB		CASSPRVGRGIGSYQQHF	imgt_cdr3			my_pwm_model		-1	
1be9ae2940eb462b89f3b56989a56208	TRB		CASSIRGPAGGARSNPIYF	imgt_cdr3			my_pwm_model		-1	
762bb0ee391441c58791e3536b7d22eb	TRB		CAWGLGTEAEQYF	imgt_cdr3			my_pwm_model		-1	
7d8512240c724224825a39a262fb0a38	TRB		CASNGASGYTQYF	imgt_cdr3			my_pwm_model		-1	
e1511492917b4c338d9d82542229da40	TRB		CATSEPVGPDYLNFTPQFF	imgt_cdr3			my_pwm_model		-1	
34b12c8baa1a4cf2911b9a18b7a66057	TRB		CASGDLGPYFF	imgt_cdr3			my_pwm_model		-1	
1378c25b725643f8b0c22a4d3d3a84c4	TRB		CASSLRPQGPAYEQFF	imgt_cdr3			my_pwm_model		-1	
ed6224f41bd14c7db1f5bcbb8d46d402	TRB		CAASDGVRQNKQYF	imgt_cdr3			my_pwm_model		-1	
9c5800e04cc34334b95e178455621e0a	TRB		CASSIKQDENNEQYF	imgt_cdr3			my_pwm_model		-1	
4bfd4b18349440ed9053ec523cb60ba1	TRB		CAGGGADPLHF	imgt_cdr3			my_pwm_model		-1	
af08177e8f4a401ebab5c8c9eff576b7	TRB		CASSEDSCGNTEQFF	imgt_cdr3			my_pwm_model		-1	
ba7673ab6bdc4cfa8314c7cbb899a38c	TRB		CASSEGGSNQPWFF	imgt_cdr3			my_pwm_model		-1	
cfb6389f3ebe4353a5b758a0cf86e99f	TRB		CASITPAQGQTLFF	imgt_cdr3			my_pwm_model		-1	
39291981b10946c2a6044839f7e62687	TRB		CATSDTPGMNSQEQFF	imgt_cdr3			my_pwm_model		-1	
c0cce304377d40a2b4430b25532582c6	TRB		CASLLAYIEYFF	imgt_cdr3			my_pwm_model		-1	
4f0bde3f4b8d42eaa9376afe77b19c65	TRB		CSSSERGRDKAYF	imgt_cdr3			my_pwm_model		-1	
2a9e3a3a9a464a5ab1f4d3901a3cb870	TRB		CASSLATLFEENYTQTF	imgt_cdr3			my_pwm_model		-1	
71ad3f0da134435b99402804451cc05d	TRB		CASSLVYDGLINYEQFF	imgt_cdr3			my_pwm_model		-1	
8c5c8579377042acbd18679788d9fa73	TRB		CASKESVQFTEQYF	imgt_cdr3			my_pwm_model		-1	
972ccdbc6c904263b4e6af6552ce1f32	TRB		CASSDLGQGTEEAFF	imgt_cdr3			my_pwm_model		-1	
5c2815544e2846849aea654d2140540e	TRB		CAWSELPSDDYEQYF	imgt_cdr3			my_pwm_model		-1	
51b308e83fa74ad48440a9bf9d30dad8	TRB		CASGGEGHEQFF	imgt_cdr3			my_pwm_model		-1	
b96f9f6ec5c3476baa1b1a042c6092f3	TRB		CASSQTDGTTPAYF	imgt_cdr3			my_pwm_model		-1	
fa31989c58af43289ab27c6ba7a209f1	TRB		CSSSLERSANTQFF	imgt_cdr3			my_pwm_model		-1	
03b536fe08b846b1b21f7b2329008bb3	TRB		CSTSTRDILVSQTAFF	imgt_cdr3			my_pwm_model		-1	
bfa895a719264163913025ce4f00f60a	TRB		CARATVEAFF	imgt_cdr3			my_pwm_model		-1	
b85ef85f13074ca7a8d7832f87f5b82a	TRB		CASSGGGGGQEQYF	imgt_cdr3			my_pwm_model		-1	
ef30a7888f6f480abd1121b60a6c4f79	TRB		CASSAAGAYEQHF	imgt_cdr3			my_pwm_model		-1	
579e099a830f4847820d4e573053a53d	TRB		CDPSIPQYF	imgt_cdr3			my_pwm_model		-1	
f8d6d4fa2a524e42b149efbd1ea738db	TRB		CASSGRAGPQFF	imgt_cdr3			my_pwm_model		-1	
dbc254a816a7449e9563d8e970a1d2e6	TRB		CASSRSQEAHGAFF	imgt_cdr3			my_pwm_model		-1	
5950939e7ee640c6aed000f5a555fb5e	TRB		CASSGTQGACNDELFF	imgt_cdr3			my_pwm_model		-1	
61384028381f4bba85f6e6c2ad78eb31	TRB		CASRDVGGATDFNEGQYF	imgt_cdr3			my_pwm_model		-1	
03e32d6c0a6b497882e2b933845524e7	TRB		CASSNPSTLEGYRTNEQYF	imgt_cdr3			my_pwm_model		-1	
45ce4e9aa80740d795b33a037507d75f	TRB		CASSYPADVSNSEQYF	imgt_cdr3			my_pwm_model		-1	
9aaead30854d494195eb086838040ad1	TRB		CASSGRSENEQFF	imgt_cdr3			my_pwm_model		-1	
654f4324d67f4f0d95cc2f19971d7099	TRB		CAWSTRADDGQHF	imgt_cdr3			my_pwm_model		-1	
f106aceb65424336941d363d7c1c012d	TRB		CASSLAKVTGSNYPQFF	imgt_cdr3			my_pwm_model		-1	
f5e90e2fc2f448728e0277b802e542ca	TRB		CASPLGGAWNEQHF	imgt_cdr3			my_pwm_model		-1	
655e6b2c630a403c99c9a33b2b266278	TRB		CASSRGLTRGSAQEIYF	imgt_cdr3			my_pwm_model		-1	
7677aeeb22a441aeb55e497212212aa3	TRB		CASSEQGYWAEELYF	imgt_cdr3			my_pwm_model		-1	
786bc647e2e84dc19d156cef022285d2	TRB		CASPLLTGDEAYF	imgt_cdr3			my_pwm_model		-1	
4a19730a88e9437b96378d071dde899e	TRB		CAVSQAKTGPRDPFGPYYPLFF	imgt_cdr3			my_pwm_model		-1	
7a99df75a06245f9a147f5c676efdde1	TRB		CAASEVWPGGRNPLAFF	imgt_cdr3			my_pwm_model		-1	
8691c0c16873441cb6c949b0a20f754d	TRB		CASSRIPWYGLNNEQYF	imgt_cdr3			my_pwm_model		-1	
e56614bd6aca4a42a7cc1c6719f565a6	TRB		CASSRFPVGGERVNEQTF	imgt_cdr3			my_pwm_model		-1	
25f180443599469b824d6695785572ed	TRB		CSSSTVTDTGQEGQFF	imgt_cdr3			my_pwm_model		-1	
2c325b8a08914941ad21a2358e6fcd06	TRB		CASSAGYDGYTF	imgt_cdr3			my_pwm_model		-1	
a2ab50f0962e4b288b06fa790f1a512c	TRB		CASPLGQSKQFF	imgt_cdr3			my_pwm_model		-1	
73a03b9a1c304cd99db5712dbfad2ea3	TRB		CASTGTTRNGLYF	imgt_cdr3			my_pwm_model		-1	
c1a3d2844f7f4877a1c732540b489bb0	TRB		CASSDDSQCPNQEYYF	imgt_cdr3			my_pwm_model		-1	
d1653c7c87b14149a8efdace484e5840	TRB		CAVSIGEQGTGEQHF	imgt_cdr3			my_pwm_model		-1	
5db8a059455b4e2d959ae65c52b87ad4	TRB		CSSRASGAVTQHF	imgt_cdr3			my_pwm_model		-1	
4b1d3357f8cd430690fedb797dc01109	TRB		CASSPTGGEEQTF	imgt_cdr3			my_pwm_model		-1	
2e5fbcaf879e4b7383746a4849387c67	TRB		CASIPSGTQYTQYF	imgt_cdr3			my_pwm_model		-1	
fa8c8ab4b22c4214b66bfabc2b1eaf66	TRB		CASGIEGQAEIYF	imgt_cdr3			my_pwm_model		-1	
82a2592c94444a319d2c882e91513ada	TRB		CASSTPFPITGGSVSYSELFF	imgt_cdr3			my_pwm_model		-1	
b3579372948948cebb0ba68d14762ee8	TRB		CASSQLRWRSFYTAYF	imgt_cdr3			my_pwm_model		-1	
f195b25579564d189a8cb8e141122024	TRB		CANSPAEPNEQFF	imgt_cdr3			my_pwm_model		-1	
a54496c4209848b9ad6535aa5d188d41	TRB		CAIRSFCRRVGSCGEQFF	imgt_cdr3			my_pwm_model		-1	
ebda2806e721405c884305bccf2dafb3	TRB		CASSLVRGGEQTF	imgt_cdr3			my_pwm_model		-1	
7e8fe3ae421b48b885185536ff1d86af	TRB		CAVSDTRGASGYEQHF	imgt_cdr3			my_pwm_model		-1	
cfe7e19a06d54273a9cfe5fa6c5e512c	TRB		CATTTHPLNYPAYF	imgt_cdr3			my_pwm_model		-1	
a7d36ee534c64b7a83e9c079d059e8e7	TRB		CASTGQILALEQYF	imgt_cdr3			my_pwm_model		-1	
d4f88b1753ec48e6962365168290b861	TRB		CASSLKNRLSGATNGLHF	imgt_cdr3			my_pwm_model		-1	
6b4df3c5e0b340f7a2f889f910c878bf	TRB		CAASLNSPLYF	imgt_cdr3			my_pwm_model		-1	
385b682a26ac4b0a8b01e8b5c6d19387	TRB		CAASQRVKLGANTPLYF	imgt_cdr3			my_pwm_model		-1	
3fb82e9243c2460786b0e360204ce37a	TRB		CASLLIGGRVAGNQEQFF	imgt_cdr3			my_pwm_model		-1	
47292c010a104e2f84655788ad37d2df	TRB		CASSLPRQIDPYFF	imgt_cdr3			my_pwm_model		-1	
365817c8488c4750bb639a9635916a1b	TRB		CASSRSPAVNQPLYF	imgt_cdr3			my_pwm_model		-1	
9d054102edc249728663c786db0420c2	TRB		CASKDGEDEQFF	imgt_cdr3			my_pwm_model		-1	
6b3fda62c57b498c864b4c5e55d9d091	TRB		CASSLGGQGNGGQHF	imgt_cdr3			my_pwm_model		-1	
7984c8a4aab34f07bc12475e28516177	TRB		CASSRTRRSGIRQEQFF	imgt_cdr3			my_pwm_model		-1	
98b4a21b1e414ef59608a2ed01e84410	TRB		CATSEHGTGAVQNNEYYF	imgt_cdr3			my_pwm_model		-1	
14f979e402a44ab9b8e82806826522f6	TRB		CAVSQRGGNQEQFF	imgt_cdr3			my_pwm_model		-1	
3a485e30c3464ace8de676e390a1fcd6	TRB		CASSSGPHEQFF	imgt_cdr3			my_pwm_model		-1	
462163db80084694a2da7d87d28febc9	TRB		CASNTRARGGSYLGQTF	imgt_cdr3			my_pwm_model		-1	
6e5390604eb54984a02842bc6d878dc7	TRB		CASSTPADRSTNIQYF	imgt_cdr3			my_pwm_model		-1	
ef52359cf76a4bfd994e15a0235fb703	TRB		CATSQRGTGCTTQHF	imgt_cdr3			my_pwm_model		-1	
d59d11cc32324bf3a199eeccd49ac5d2	TRB		CSSRGTRRNSEQFF	imgt_cdr3			my_pwm_model		-1	
66aca7480bed4505b7f80d10ca8ba38c	TRB		CASPDDRVRGSTEEQFF	imgt_cdr3			my_pwm_model		-1	
9691318285f84ea79c225c286ac7808f	TRB		CASRLASARGYYF	imgt_cdr3			my_pwm_model		-1	
b644d53123ca4dc0a203ace345b3abac	TRB		CASRDILGYSGAHF	imgt_cdr3			my_pwm_model		-1	
0da52530a5c84a59a34a50fdfc02c65d	TRB		CASSNGDRSDTPAHF	imgt_cdr3			my_pwm_model		-1	
ab6cb5f76ecf418baf5430f7744c6837	TRB		CATSLSVGANNETIYF	imgt_cdr3			my_pwm_model		-1	
88b4e78427974a74b0ca863634cca0f5	TRB		CASSGLKEGTPNQEQFF	imgt_cdr3			my_pwm_model		-1	
65fccacd7676459f8f023a5f7086cbef	TRB		CASSLDGGSRQPQHF	imgt_cdr3			my_pwm_model		-1	
6d8f3de8ea5042d5b191563ffe06b917	TRB		CASSGGRGGVNGQFF	imgt_cdr3			my_pwm_model		-1	
f6d3e83adc2a4f28ba95e6487811bc06	TRB		CASVGNTEQYF	imgt_cdr3			my_pwm_model		-1	
6e07c8f23a644d9cb62916db11fc21f4	TRB		CASSGGTGCSTNEITF	imgt_cdr3			my_pwm_model		-1	
5069299fc67f4862b915981b82144151	TRB		CASSLWLLHGGPKQTEQYF	imgt_cdr3			my_pwm_model		-1	
3c6975aa7137459ca873627505662897	TRB		CASSEVYAGYGTNNGQHF	imgt_cdr3			my_pwm_model		-1	
b092af03509b48ccac3ebfb443f12609	TRB		CSSTLARATEQYF	imgt_cdr3			my_pwm_model		-1	
eba7fe6019464fe2986226e27491e059	TRB		CASSLDQTGGPSGFDANSGLTF	imgt_cdr3			my_pwm_model		-1	
b579e20707354ec781acdf87d41c7967	TRB		CASSSPRRSPDRNDIQYF	imgt_cdr3			my_pwm_model		-1	
7fb01846c83e485681505d00e403b256	TRB		CASSPAGILSEQFF	imgt_cdr3			my_pwm_model		-1	
02379224a7284746a23d81f5f66e4575	TRB		CAAIRVGTEYYF	imgt_cdr3			my_pwm_model		-1	
490dcbc354a942b3a3612969b0597985	TRB		CASRDPALAADNEQYF	imgt_cdr3			my_pwm_model		-1	
c2958b19f1df44de90437f6c8a93ef9b	TRB		CASSLSHTGGAGNYEQYF	imgt_cdr3			my_pwm_model		-1	
7f750526c3c24f9f8a459d82ff62daa4	TRB		CATRRPTRGVPVTEPQYF	imgt_cdr3			my_pwm_model		-1	
9b5a808300584ec184a28d857988545a	TRB		CASSYTGNSGGPKSNEYHF	imgt_cdr3			my_pwm_model		-1	
de6ce915d57c4c9ca7e7cb3a45f4ed14	TRB		CASPGQTKEEQYF	imgt_cdr3			my_pwm_model		-1	
6b6fff6e902b44828c7dee3200dd456f	TRB		CASSVPGSYVYEQFF	imgt_cdr3			my_pwm_model		-1	
3666a7240a31425aa1012af968aba3e5	TRB		CATSLSGQTNQTQYF	imgt_cdr3			my_pwm_model		-1	
494e49afad4e485fbcd33a5f27175b5f	TRB		CASSEQPRGVPRKTIQFF	imgt_cdr3			my_pwm_model		-1	
d9ba8e83657b4e8b9b02e8dde358945a	TRB		CASSLVGGSTESPYEQYF	imgt_cdr3			my_pwm_model		-1	
bcd379e023de447cb06aed322e1c2c93	TRB		CASSLLGTRTETAYF	imgt_cdr3			my_pwm_model		-1	
8dc25d80456e4758bb69d90b01702e3b	TRB		CASSYVEIGGDPTNEQYF	imgt_cdr3			my_pwm_model		-1	
7f32b4e945814768b114f73e3e11e48e	TRB		CAASLPDPTGNNQEQTF	imgt_cdr3			my_pwm_model		-1	
90166c6c8ce94c1296b3332e308ad4f2	TRB		CASSDRLGASQILTF	imgt_cdr3			my_pwm_model		-1	
99e1e7d5324740f39679968ce4ecc1df	TRB		CAWSEQGACRSNTTLFF	imgt_cdr3			my_pwm_model		-1	
c5e1d1500c914749a5e8f2fff989bb3f	TRB		CASSFSRPRDIGQTYELTF	imgt_cdr3			my_pwm_model		-1	
8d853433e1e640f8adde73250761f095	TRB		CASSLRGGGQDEQYF	imgt_cdr3			my_pwm_model		-1	
2699f891a8594937811b0dd258385cd4	TRB		CATSGDGVRGSTRTQFF	imgt_cdr3			my_pwm_model		-1	
ebc3537a17524ed7bac68adb9b6e8c27	TRB		CAVSGDVGGTQRPDFSYNKQFF	imgt_cdr3			my_pwm_model		-1	
04632c7e33834d0c93ce0b287f0fde1c	TRB		CATQRGPQATDEQYF	imgt_cdr3			my_pwm_model		-1	
772f3a3dba0e4a33b3634a8aa20a660e	TRB		CASSASPRHRKETPQYF	imgt_cdr3			my_pwm_model		-1	
c9af275309114746bb342d0f88b6c030	TRB		CASSVRILIAIEQYF	imgt_cdr3			my_pwm_model		-1	
029656ddd22f4e0daeafdbcb38dc05c3	TRB		CAVSGPESRTSEQFF	imgt_cdr3			my_pwm_model		-1	
293bd5af82bf4129bc12c3c2e7105e5d	TRB		CASSVRILRRGREYETELFF	imgt_cdr3			my_pwm_model		-1	
2c987117f4e141bfaf691b858f2ad4ea	TRB		CAIPTHGEFF	imgt_cdr3			my_pwm_model		-1	
9a52d554b2ec4406907ebeb420ca389e	TRB		CASNAGDGASGKDEAHF	imgt_cdr3			my_pwm_model		-1	
5deb9ea34dce42199b678a14349fcc24	TRB		CAASAGQRGSYPIQFF	imgt_cdr3			my_pwm_model		-1	
a2f95e9f450a4a8db7540c687313e45f	TRB		CAASLVGSSGSNTQFF	imgt_cdr3			my_pwm_model		-1	
d274fdd4d31f42428fc0952e5616e8cd	TRB		CSSSSPPRGRFDEEYYF	imgt_cdr3			my_pwm_model		-1	
97ee2606c91443e2996acdf933da4b74	TRB		CASSGTRAYDILFF	imgt_cdr3			my_pwm_model		-1	
e9f62753bd5a4c04a5049b4e080fd01a	TRB		CASSGTGGMRGTTQYF	imgt_cdr3			my_pwm_model		-1	
24c710cf6d894f35be66c019be91a70d	TRB		CASRTGQNETGRSTGTQTF	imgt_cdr3			my_pwm_model		-1	
e23c4ff2e0ed48a88d9663e64cac6428	TRB		CASSLTFPSYTELHF	imgt_cdr3			my_pwm_model		-1	
45dd81cac7df42ca846c71a7fa3c7c4c	TRB		CASSGCRRDDGGRNQTLTF	imgt_cdr3			my_pwm_model		-1	
eb1ac2c10ac940caad2ca4b8b2019b84	TRB		CASSLPGTVGRIAYF	imgt_cdr3			my_pwm_model		-1	
464d5126986d48ac89b45181c73de1cc	TRB		CASSGPRRGHEEQFF	imgt_cdr3			my_pwm_model		-1	
2017a526c1d6419fac7c36f18c1d731b	TRB		CASALEYEQTF	imgt_cdr3			my_pwm_model		-1	
18f57bac76b84fc499099d2860962ffc	TRB		CASSLCGREQFF	imgt_cdr3			my_pwm_model		-1	
0373d2c6535d46e39baabfc48b7ef49e	TRB		CASSLRKTTGLGKLTEEAYF	imgt_cdr3			my_pwm_model		-1	
c37215a3a08447b383d966af0ad304fe	TRB		CASSYAVGGGNEQHF	imgt_cdr3			my_pwm_model		-1	
b569451745dc4e9a876cdf5e654fe826	TRB		CASGGRRPEPLYF	imgt_cdr3			my_pwm_model		-1	
2e66585ac7fc430fb4bf8f5743e6d54a	TRB		CASSYGRTRGYTQFF	imgt_cdr3			my_pwm_model		-1	
d79e7ea0d9a24779b0342d35c00a0a78	TRB		CATERPGSATEQYF	imgt_cdr3			my_pwm_model		-1	
73283cd4559c4b2bbc3639bf43c10f31	TRB		CASSLCELGVSSNADTQFF	imgt_cdr3			my_pwm_model		-1	
ffdd4a8c8f4a489ba14aad33823dc89a	TRB		CAASYLRGNGQYF	imgt_cdr3			my_pwm_model		-1	
2f4ca65bbc53454487bb8fbd2ea863c0	TRB		CASSLEGTSYDGQFF	imgt_cdr3			my_pwm_model		-1	
5917aac83a034e718c1ab13e26982804	TRB		CASSFSLRGVLTDTLYF	imgt_cdr3			my_pwm_model		-1	
e5e0cb6902a347a6a0ca352c5ece659d	TRB		CASSAGGGPGIGNDEQFF	imgt_cdr3			my_pwm_model		-1	
57a93f1aa7bf49429295db5eb661fcb8	TRB		CASSFARGGYPQHF	imgt_cdr3			my_pwm_model		-1	
812013e9ff57431f8c311ae5c505b5a3	TRB		CASSVPRTSAGEQHF	imgt_cdr3			my_pwm_model		-1	
645e2d6088744407b64d7fb52d746d97	TRB		CASSQPGVGGNSQPAHF	imgt_cdr3			my_pwm_model		-1	
cea763f43f8540f78187b978f9d73b57	TRB		CATSLPQSNQGYYF	imgt_cdr3			my_pwm_model		-1	
21952b9e5035464a8b4dec33cd576d2d	TRB		CASSQARRGEGQYEAHF	imgt_cdr3			my_pwm_model		-1	
711b72303c3043d6ba90a92308f45504	TRB		CASSSTDRNLLQEQHF	imgt_cdr3			my_pwm_model		-1	
45fa7a29c95a478ea48afc89044942ab	TRB		CATSLTTRGIQYF	imgt_cdr3			my_pwm_model		-1	
b4f7c1a3c2424fa3bee52dd9c4bab6cf	TRB		CASSDVEAGEVAYELYF	imgt_cdr3			my_pwm_model		-1	
da2acd8475024523ab9873eb9e4f66ae	TRB		CSSRGGAEELYF	imgt_cdr3			my_pwm_model		-1	
b52615894b43471484c091cc39406fff	TRB		CASVLGRSNETQYF	imgt_cdr3			my_pwm_model		-1	
79b08d56167744e399276061c0e7cf5f	TRB		CAAARQASKLFF	imgt_cdr3			my_pwm_model		-1	
98ba6c868867413b8dfa02a57a3675b0	TRB		CSSSTSWKGDEQFF	imgt_cdr3			my_pwm_model		-1	
08692e2f3aa74c128e3b71cdc570169d	TRB		CAASDSVGEYTF	imgt_cdr3			my_pwm_model		-1	
20a636ccbe4d42e199d36864ae9676ea	TRB		CASSQRGSSNQEQFF	imgt_cdr3			my_pwm_model		-1	
cc5eb9f93e184a7c9cbc765e951b2949	TRB		CASSLEGVGGGNSGQFF	imgt_cdr3			my_pwm_model		-1	
ab67acf4b5854731949c71f0bfd9a22e	TRB		CAVSLPGVATYTQTF	imgt_cdr3			my_pwm_model		-1	
5e71802356b44ba2924c50d7122668fc	TRB		CASSERRCGSTGPQFF	imgt_cdr3			my_pwm_model		-1	
5100f36d58414ca4b5279c719054c963	TRB		CASSQSLQRLYNEQTF	imgt_cdr3			my_pwm_model		-1	
5e2be109f64d4c21b75bfc637a011600	TRB		CASSRGTTRYGQTF	imgt_cdr3			my_pwm_model		-1	
5a8db3fcdba1421e8700899688e0612f	TRB		CAAPDQIEGEQTF	imgt_cdr3			my_pwm_model		-1	
8acbbc9b256d4c21b32511deccbc204b	TRB		CASSLPVIRIYGPYHF	imgt_cdr3			my_pwm_model		-1	
a6b6264b70ff4547aaac9e0b0ad104c7	TRB		CASSLPQQLVGSSASEQFF	imgt_cdr3			my_pwm_model		-1	
99b8415b96f8449b98469ef3a1e30be3	TRB		CASSTMTDGGGGEKQHF	imgt_cdr3			my_pwm_model		-1	
a61dd4aa4f2b4dc29b3439ae611a64e6	TRB		CASSQKTGGISVQHF	imgt_cdr3			my_pwm_model		-1	
1b4ed952ca944ca390ed84cb4c70c257	TRB		CASSWTTGAGRNQKQYF	imgt_cdr3			my_pwm_model		-1	
320e74cb15004bb78e9a188a31acdbbe	TRB		CSSSWVWPGGGNTEQTF	imgt_cdr3			my_pwm_model		-1	
ebdd654627f24ef590c5096ce6dd8581	TRB		CASSGPRRTYVYHF	imgt_cdr3			my_pwm_model		-1	
c62e817601414f3ea9b3d5e0997389c3	TRB		CSAEERFF	imgt_cdr3			my_pwm_model		-1	
36c88becb0f34c6b8332a57884aed4cd	TRB		CASSLGQTTNNGPQYF	imgt_cdr3			my_pwm_model		-1	
db657811669c48499b74f21f57591a57	TRB		CASSRDRPNGVHPDIYHF	imgt_cdr3			my_pwm_model		-1	
4b5b882908d74064a5e1b4446cda71e9	TRB		CASSATAGADGDEQHF	imgt_cdr3			my_pwm_model		-1	
5a988561323a4bdc8ba8dd95d246621b	TRB		CGGEAFF	imgt_cdr3			my_pwm_model		-1	
ab6c03de28e3498babb36d0bf4f2d42c	TRB		CASSNPRLGWGNPAYF	imgt_cdr3			my_pwm_model		-1	
9a1d9c2461fe4667bc258a10c4309850	TRB		CRSADSTQYF	imgt_cdr3			my_pwm_model		-1	
a2c94c2fd64549fb923f2fb0bd6b0b2d	TRB		CASQFGRDKQTF	imgt_cdr3			my_pwm_model		-1	
79d6a328198e4b19864e857bdd88c2c8	TRB		CASSDGLTDYTQYF	imgt_cdr3			my_pwm_model		-1	
ba8460e2523842e29ff09fc28afb14db	TRB		CASPNDGSSEKIYF	imgt_cdr3			my_pwm_model		-1	
b24e85e18e5b43208ce4adf78fbeff92	TRB		CASLLVATGGQSETQYF	imgt_cdr3			my_pwm_model		-1	
63ce3c698aa542228bbf2fccee4113f3	TRB		CASSTGPAIDTQYF	imgt_cdr3			my_pwm_model		-1	
4eb38562bc5c49c08a9582d03d1331ca	TRB		CASPVAAGAEIYTGQFF	imgt_cdr3			my_pwm_model		-1	
20c3f286a64e4b8a8770eb41b82fcf3e	TRB		CSSQLGREELTF	imgt_cdr3			my_pwm_model		-1	
e925b372e6e04956bc8be2ed9102f090	TRB		CASSISCVVNYPATF	imgt_cdr3			my_pwm_model		-1	
1fbcdd0a5832481cb11208336c5f990a	TRB		CASIVSSNVNGEQHF	imgt_cdr3			my_pwm_model		-1	
144311c207054ae7b0160d2c722ce650	TRB		CSSSLPGTLLQPQYF	imgt_cdr3			my_pwm_model		-1	
2674d55062684683b921cdc03a2946d0	TRB		CAVGRETQLF	imgt_cdr3			my_pwm_model		-1	
5c18dd89052f4fd9a5a08e58d537280b	TRB		CSSSLMDRYLSNNEAHF	imgt_cdr3			my_pwm_model		-1	
30b14922d2ab40a6a3db1101139a7b94	TRB		CASSLGKRSGNEQTF	imgt_cdr3			my_pwm_model		-1	
be3090abef7247f49b44558c2508c93a	TRB		CASSLLSRQESTTEAYF	imgt_cdr3			my_pwm_model		-1	
c162b5fdabea4b91991d9a9e00c420ed	TRB		CAASSWGGQEGQFF	imgt_cdr3			my_pwm_model		-1	
470a3d8229224af79e432c5208f1fde6	TRB		CASSASTRSRLNPQHF	imgt_cdr3			my_pwm_model		-1	
0c257024d39b48139e449a2f2cdfd0e3	TRB		CASSGDGGYEQYF	imgt_cdr3			my_pwm_model		-1	
e6bfa7609fb947b28e0135c2402c9715	TRB		CASSVGSSRWWGQLYLYSNQEQHF	imgt_cdr3			my_pwm_model		-1	
1b61978a7bdf4684a330c6466fe2d9b4	TRB		CASSLVGRGPRSNNKQFF	imgt_cdr3			my_pwm_model		-1	
c0e4af1239734c4481f5e46af0d90ad4	TRB		CASILRSPGYSKQFF	imgt_cdr3			my_pwm_model		-1	
db4312691a8c41ff84ed7bfbaa829c05	TRB		CASSAATPTVTNQTAFF	imgt_cdr3			my_pwm_model		-1	
9a45792580c24c34981b80c41b54a5cb	TRB		CASSRLHGDEQFF	imgt_cdr3			my_pwm_model		-1	
279e603fc42a4ac4832cc2cf43fac2e7	TRB		CASLFATATGCYLPQHF	imgt_cdr3			my_pwm_model		-1	
99778a75fba44e43a8751ad473bafdb4	TRB		CARSPGEGGYTTLYF	imgt_cdr3			my_pwm_model		-1	
36ffa9bac5a54a21ae2a3cec5d167fb9	TRB		CASSLGTGAQADQAEEQFF	imgt_cdr3			my_pwm_model		-1	
1d6673da7efa42588e9751e60d3ae409	TRB		CASSLSWGCKPNTGAHF	imgt_cdr3			my_pwm_model		-1	
281ff6a6d81e45e68fad5be660cd2e91	TRB		CASSLPGPGWPTSYTQYF	imgt_cdr3			my_pwm_model		-1	
88bffbafad904f259bda6e4f5e36f166	TRB		CATSTWGTNATEQHF	imgt_cdr3			my_pwm_model		-1	
998b9df981fc440187346a9ffffe8638	TRB		CASIGVSGDRTQIYFF	imgt_cdr3			my_pwm_model		-1	
e8c965f2579b4601882531d8f377a427	TRB		CATSPEPQQFGDTEEQYF	imgt_cdr3			my_pwm_model		-1	
fbd8762aae2b4cd98596484b3dd6e2d5	TRB		CAARQGGGEQYF	imgt_cdr3			my_pwm_model		-1	
c96e2eaf309344139a983a7adc47fdc6	TRB		CASSQGSGLGWGELRLYTYNPQFF	imgt_cdr3			my_pwm_model		-1	
aba4935047034ecba5ad2b649123d4a6	TRB		CAATDGTAKSTTEQTF	imgt_cdr3			my_pwm_model		-1	
d5336252582e4b9fbe68129b88548108	TRB		CASSAPSRDKIYF	imgt_cdr3			my_pwm_model		-1	
8cb8f7e9c5de48c9a4037095b16043ba	TRB		CASSAGADGLFF	imgt_cdr3			my_pwm_model		-1	
8873213a95324e9597098e5d9736c83f	TRB		CKASLCDRAGSNDTAYF	imgt_cdr3			my_pwm_model		-1	
cc41286e215c435ab57190582ab5eac3	TRB		CATSRGGGPPGQGGQEITF	imgt_cdr3			my_pwm_model		-1	
8185e4d0401745f1a35f4ca3a33956e0	TRB		CASSVAGLAYKQHF	imgt_cdr3			my_pwm_model		-1	
8e0aeac9223445fdaf928adaaacb35aa	TRB		CASSTALGAGSGTTQFF	imgt_cdr3			my_pwm_model		-1	
1380e3eeb7ce4a0ea2f91e18c8bb8ceb	TRB		CSSSGPAGEYYF	imgt_cdr3			my_pwm_model		-1	
88c5cfaf34a2464f8078b1739244e9b8	TRB		CATSGKSGYSTPQHF	imgt_cdr3			my_pwm_model		-1	
9a3c8e6817a14cb88210ba37b15a77e0	TRB		CAWSSTTGDNYPLTF	imgt_cdr3			my_pwm_model		-1	
d305dc3d921544fbb99a02c1242e064c	TRB		CAAPLRPPQYF	imgt_cdr3			my_pwm_model		-1	
8fc3407d19984440a5bacfe83a4212d2	TRB		CASSLRVRCNYQEQTF	imgt_cdr3			my_pwm_model		-1	
22a1b9ffc7324ec4b2e59510473e6fea	TRB		CSASPARGGGYGYFF	imgt_cdr3			my_pwm_model		-1	
30f12f4d79ff4e95a6a0034cabbdb7ef	TRB		CASGAGVDNPYYF	imgt_cdr3			my_pwm_model		-1	
4c7b53b7dad64419a0149e12a3b976c9	TRB		CASSRRKSNAYEYYF	imgt_cdr3			my_pwm_model		-1	
923ebd4de39743cf803a06194fff4a11	TRB		CASRDWPTANMPAHF	imgt_cdr3			my_pwm_model		-1	
86950b5267634a28a5a73712ffe8f632	TRB		CASSESQDSTDEQHF	imgt_cdr3			my_pwm_model		-1	
af0fc518489440e7ad2360008870746e	TRB		CASNIRVLEGHRLGTGTQYF	imgt_cdr3			my_pwm_model		-1	
9db9423f861a4a67bfa310ee14a946ae	TRB		CASSPGGRGSTQYF	imgt_cdr3			my_pwm_model		-1	
a4ab5638d3fe425c967eb6df250360db	TRB		CASSVSMQDGQFF	imgt_cdr3			my_pwm_model		-1	
05a6738060524a2ab0ff71f9c5851494	TRB		CASSAKTLGRGSLDQTTQYF	imgt_cdr3			my_pwm_model		-1	
c8529e2c7a1e447c8d97894f950f3f05	TRB		CASSCPTQTSNYEQYF	imgt_cdr3			my_pwm_model		-1	
ed7a0edd04cc4b30bab9dee8bf4a78ed	TRB		CASSAGGRAQELYF	imgt_cdr3			my_pwm_model		-1	
553ad3d320554c83b5afbc1ebacadeda	TRB		CASGSPGRGTEAYF	imgt_cdr3			my_pwm_model		-1	
20ddb78aec6541d4b0c503769102fd56	TRB		CAGPHDTETF	imgt_cdr3			my_pwm_model		-1	
3694f2167dca4fc79b3ec6b582f27de8	TRB		CKSSRHSGYTQYF	imgt_cdr3			my_pwm_model		-1	
2a48e74648744abcb501f72be0b606c1	TRB		CASILLGTGSYDEYFF	imgt_cdr3			my_pwm_model		-1	
96c75fada820465aa3973af87a158259	TRB		CASSSRRGNSEQYF	imgt_cdr3			my_pwm_model		-1	
01b7c3b6191d4e7a957deafd33ecc391	TRB		CASSEVRDGAVIYTQFF	imgt_cdr3			my_pwm_model		-1	
c1d21db3307f484b927fe5ffbab31773	TRB		CAWNRGKGPQFF	imgt_cdr3			my_pwm_model		-1	
42533309e22543c19c9f5daa92c14115	TRB		CASSLDGGGAYPQYF	imgt_cdr3			my_pwm_model		-1	
cad5067d3753477e9e7d955ec71734b2	TRB		CATRRAVREQFF	imgt_cdr3			my_pwm_model		-1	
74d443b0397543ed890a5f210bf360d5	TRB		CAWSPRRGVDEQFF	imgt_cdr3			my_pwm_model		-1	
367982675dac4921b1c2c9080f8d20b0	TRB		CASSDRTLGGGDQTQFF	imgt_cdr3			my_pwm_model		-1	
4cbbb1380e4c48a68ebd63ee5c66034f	TRB		CASSFGAGQDSDELYF	imgt_cdr3			my_pwm_model		-1	
0e9d3bc5f76f49689c5ddabb89d31c78	TRB		CAASLGGIKLYF	imgt_cdr3			my_pwm_model		-1	
b805cd1381d44e958ce1a4b4329d89e2	TRB		CAVSVPSPLAPGSTQFF	imgt_cdr3			my_pwm_model		-1	
c71635e57eaa451096bf90dc4839eed9	TRB		CASSLIFGERNQIQTF	imgt_cdr3			my_pwm_model		-1	
d1fde3a2b3a643d7b4decc1e5e9fcee2	TRB		CASAQYGKQTF	imgt_cdr3			my_pwm_model		-1	
a6fbeb03da394302ab12d232f1fecd2d	TRB		CASSRGSKRDTTYYF	imgt_cdr3			my_pwm_model		-1	
1938afad61f64eae966a296f4d03c81d	TRB		CAWRQTGTGYAEIYF	imgt_cdr3			my_pwm_model		-1	
025c751e3cd34430be4789f88fdc719b	TRB		CARRLDKQHF	imgt_cdr3			my_pwm_model		-1	
a8a6b3f567f9424b81ca30625a7f9de1	TRB		CASHRQVTYSQYF	imgt_cdr3			my_pwm_model		-1	
ebc69509cdc241b7bded5611d76742df	TRB		CAASQPRMGAANNKLYF	imgt_cdr3			my_pwm_model		-1	
69c0442a9e684f1d9dd666a14e621f90	TRB		CATQGQFF	imgt_cdr3			my_pwm_model		-1	
9293f678d1134b98a2d8ea290cd8c1a1	TRB		CAIGRLDSYGITF	imgt_cdr3			my_pwm_model		-1	
888fe7accb3c41a79267d09172488ca3	TRB		CASSGGPNFTGPQFF	imgt_cdr3			my_pwm_model		-1	
1e0ed2b8042a4c30ac05027a4247dcb7	TRB		CARSAGFVRNNTQHF	imgt_cdr3			my_pwm_model		-1	
8921a0d4d4244ec8b763fade92d286ed	TRB		CATSGLDPEEQTF	imgt_cdr3			my_pwm_model		-1	
df9b6c53346c4dfbab532d7950dad059	TRB		CAAGRARGEQYF	imgt_cdr3			my_pwm_model		-1	
51ec6a2e64cf45df805c6b556cd60795	TRB		CATSRAFIVAYNEQYF	imgt_cdr3			my_pwm_model		-1	
9fd3ae1389294a519fb122cb21f5949a	TRB		CATGKRLYPQYF	imgt_cdr3			my_pwm_model		-1	
5630f5de0cd747b890ee2d5087f5d798	TRB		CASSPQGDPRRGEIQYF	imgt_cdr3			my_pwm_model		-1	
34db3cc533564f96ba48a6713b201dcb	TRB		CSSSTDSGPYSTLFF	imgt_cdr3			my_pwm_model		-1	
9e7365f0cbc14dc5a5ad6633ee151fda	TRB		CSSLETHREQTTPLFF	imgt_cdr3			my_pwm_model		-1	
003c704bd48c470a920447989af9c79a	TRB		CASSLGRYADEQYF	imgt_cdr3			my_pwm_model		-1	
c8a31868c90643b4bbc493b03028c3ea	TRB		CAASCFVSYEQTF	imgt_cdr3			my_pwm_model		-1	
2cecf3e9a419414e85cd45be4c1f0945	TRB		CASPDGKTADGAYF	imgt_cdr3			my_pwm_model		-1	
214196b8463a4878b83672e981c8b7c9	TRB		CASSLFGGIEGSNGPQYF	imgt_cdr3			my_pwm_model		-1	
830423c7f7d442eba56d7418752ace14	TRB		CASSRGCQNEYFF	imgt_cdr3			my_pwm_model		-1	
2a93efde8c164325932dbdb7ff16f0a9	TRB		CASSVRTAYELYF	imgt_cdr3			my_pwm_model		-1	
e6abff83d15942d9a25c0a5618dd9690	TRB		CASSRRRNVTTPQFF	imgt_cdr3			my_pwm_model		-1	
51d6e50c800d4f23951bc9e5a327bcb5	TRB		CASSAGSPDILNNQKQTF	imgt_cdr3			my_pwm_model		-1	
44b0bf361f9046a08d6e98c642a186b0	TRB		CASSDPVERETLHF	imgt_cdr3			my_pwm_model		-1	
d45ecfe3b20d4dfba0a9819e1354afd0	TRB		CATGSSWRSAGGGDEIYF	imgt_cdr3			my_pwm_model		-1	
7a6a3be588094f3498ba6ffe0e153737	TRB		CASSSRRLPTEQYF	imgt_cdr3			my_pwm_model		-1	
bf337a1115604398a51b1b073416fb9a	TRB		CASSLELTHGGWNYPQYF	imgt_cdr3			my_pwm_model		-1	
989e59a2ea6a4230b6bb688cd4a2ed71	TRB		CASLELAGRGQTAYF	imgt_cdr3			my_pwm_model		-1	
bfb214a748a84501834aa9ce4923e5ce	TRB		CAMQSTGHELFF	imgt_cdr3			my_pwm_model		-1	
a936cff8e3be4055ad2a90f42b869161	TRB		CASSSRVETEEYYPQFF	imgt_cdr3			my_pwm_model		-1	
c5d81f4a3ef342eb8ca75f375304c965	TRB		CASSRHTEGDSYEQHF	imgt_cdr3			my_pwm_model		-1	
201138f4df1947f2a58b5c9aa0b4bd01	TRB		CASSFGGTDRGYYEQHF	imgt_cdr3			my_pwm_model		-1	
5d7a6db3bf5d431193387b5db9bd032e	TRB		CASSRGVNGVGGGTYTLYF	imgt_cdr3			my_pwm_model		-1	
4b0a095b0b7e4def94fc6aabd917b612	TRB		CASSDGTRSIGEAYF	imgt_cdr3			my_pwm_model		-1	
f1e00df266774ad29b81f8dddfa6b7b1	TRB		CASSVPHGSAYEAFF	imgt_cdr3			my_pwm_model		-1	
d53c0c673bee4dbd8f14d67e391ff354	TRB		CASSLPRRAAASSYTQTF	imgt_cdr3			my_pwm_model		-1	
59a15393127e4ceb84dfe0bee3c38bb3	TRB		CASSLDGTCTYIQYF	imgt_cdr3			my_pwm_model		-1	
ed92ee119f314a7ba626351c11003589	TRB		CASSEGTPGKGGDELFF	imgt_cdr3			my_pwm_model		-1	
b4e633c7c05e4bf49dc548386199a1c4	TRB		CASSSLPGGGGPSGLNKQYF	imgt_cdr3			my_pwm_model		-1	
01793a017b5a4afbbc355d023eb60d68	TRB		CASSVRPTGTMAYPQFF	imgt_cdr3			my_pwm_model		-1	
3ac57cfa3484484b9222abe0d03722c2	TRB		CASSSPGGVGGTYTGQTF	imgt_cdr3			my_pwm_model		-1	
56dbd6c062c14b1db5ef5c549cdcdc02	TRB		CASRLGSGSPHSGQTF	imgt_cdr3			my_pwm_model		-1	
e3e77561a39b445ba0f7e9c83475079f	TRB		CASSWNRGGRSMNNPQHF	imgt_cdr3			my_pwm_model		-1	
8f585ebf153a4ddba2ed5fb69d6f78fc	TRB		CATLKTEGEPYHF	imgt_cdr3			my_pwm_model		-1	
68e64bbc1a4a4d5fb3ecb50f7d18fb2f	TRB		CATSHGKGSGNTQYF	imgt_cdr3			my_pwm_model		-1	
ef9358f21fba46f69e2b3754f1d9a53f	TRB		CAASDVTVGHAGATPQFF	imgt_cdr3			my_pwm_model		-1	
49bc029e248f42749e617bdb5757ed3a	TRB		CAAPRGKQYF	imgt_cdr3			my_pwm_model		-1	
fac02918a2be4f48adaa351f68145cca	TRB		CASSVGRMGGDGNNILHF	imgt_cdr3			my_pwm_model		-1	
756618c0c6f34888aad035197557f70b	TRB		CASSSGQFLAYKAFF	imgt_cdr3			my_pwm_model		-1	
34de0d9885fb4893a111b7173af4cd24	TRB		CSSSWWQEHYPAHF	imgt_cdr3			my_pwm_model		-1	
a8988e70e55446b6aad88f0676489fb1	TRB		CAAGTTYKAYF	imgt_cdr3			my_pwm_model		-1	
fb118024fffa4c3c945591163be312bf	TRB		CASSGGTGSNQPLYF	imgt_cdr3			my_pwm_model		-1	
f56cffaabf144b2780ed35f80f4caea0	TRB		CATSTRASNEEQYF	imgt_cdr3			my_pwm_model		-1	
c981adccbed14e5fae607286d95aa235	TRB		CASSLPETSEGMRQIQTF	imgt_cdr3			my_pwm_model		-1	
3b281d88ed034ea9857cf9e06d98f08c	TRB		CASSPRNTTISYDEEQFF	imgt_cdr3			my_pwm_model		-1	
6b4e4de4b5a047139266aca65b19cbbb	TRB		CASSGPGGGSYQTQFF	imgt_cdr3			my_pwm_model		-1	
0fc467ce864d43ebaa2196b764142b5e	TRB		CASSGSRTRATEQHF	imgt_cdr3			my_pwm_model		-1	
21d04da67e94451fb5966c8ee8f7d4ec	TRB		CSSSGRSGETYKQYF	imgt_cdr3			my_pwm_model		-1	
487e2fc0e7c64aea9564b30e13ecce8f	TRB		CADTLDTKQYF	imgt_cdr3			my_pwm_model		-1	
5a3eadfe11d147ccbc68c8dc1bb5cd5a	TRB		CASSGIRRKGTNNGLYF	imgt_cdr3			my_pwm_model		-1	
b797108ae3914785b752f48aa88bfb04	TRB		CASSQCRHGAGNQTQTF	imgt_cdr3			my_pwm_model		-1	
62801bd064684c36bd0a431a324b7add	TRB		CATSAGAGELYF	imgt_cdr3			my_pwm_model		-1	
8b0b342cee084dbd838826504b769ca2	TRB		CASSREVRTEAHF	imgt_cdr3			my_pwm_model		-1	
6f71513182be4ec99fb953b7855d2042	TRB		CAPHPIPPAYF	imgt_cdr3			my_pwm_model		-1	
7471e3baa99e41e7b5bef2e8b126256f	TRB		CALLPSPQTF	imgt_cdr3			my_pwm_model		-1	
5f264852b9834e518e6987a29c0a0aaf	TRB		CASSLVDGSAAATQYF	imgt_cdr3			my_pwm_model		-1	
9b407269693c47ea91d7308ad74cfde3	TRB		CKSSLQLSIGLNYPQYF	imgt_cdr3			my_pwm_model		-1	
c98099ddeb1d48cda75eb6646c1753b9	TRB		CASSDHGRGQYGPQYF	imgt_cdr3			my_pwm_model		-1	
8c2f4cc831da4e1d877f03052e79e034	TRB		CASSGTESGNCGGQTF	imgt_cdr3			my_pwm_model		-1	
739d7e682bc5449aa583d294a704caa8	TRB		CAASLRGTDYEQYF	imgt_cdr3			my_pwm_model		-1	
25db02ee0953426498e1d8221062ea2e	TRB		CASSSPGGGETLTF	imgt_cdr3			my_pwm_model		-1	
c457e7d2e75646b2adcae3d0a6a24a76	TRB		CASSWGGVTETYHF	imgt_cdr3			my_pwm_model		-1	
c06e6c21a5b3466c8926921954f250b9	TRB		CASRQDDGLTF	imgt_cdr3			my_pwm_model		-1	
aeeb6974ebdd4643a239d80d9042ab94	TRB		CAMSAGGEELFF	imgt_cdr3			my_pwm_model		-1	
7dd626c7a9c94e5ead758ab684334391	TRB		CASSQRAQGERDSDQTQYF	imgt_cdr3			my_pwm_model		-1	
1d40b007bbfc49268e2ceda5e66a34fc	TRB		CASSLLFSWQTYYF	imgt_cdr3			my_pwm_model		-1	
749fba53441c4576a5959a67588e312d	TRB		CSETYRDSYTQYF	imgt_cdr3			my_pwm_model		-1	
fcf86628a62b45158426b12565965d5b	TRB		CASSQKSWILVEPQYF	imgt_cdr3			my_pwm_model		-1	
c8d82a1576954e1ca173117efc2149ab	TRB		CASSMPGGRYPATF	imgt_cdr3			my_pwm_model		-1	
c7acbf418a6a454ebd1789ef8c8dac9b	TRB		CASSGRGRGNQGLHF	imgt_cdr3			my_pwm_model		-1	
547550432139473c9f75d1619caa1a82	TRB		CASSRSLRSETSEQYF	imgt_cdr3			my_pwm_model		-1	
efcabaa51aa3419db400d32911cf4774	TRB		CRSGRGTQLF	imgt_cdr3			my_pwm_model		-1	
5d68eb6f6e684e0092159c633ded1452	TRB		CASPLSLTRGAASTILHF	imgt_cdr3			my_pwm_model		-1	
f20a6b95cf854e24b65a9378122cd2fb	TRB		CASILSVALQEQYF	imgt_cdr3			my_pwm_model		-1	
5e6e3fb0879746bc9703571b843b6ce7	TRB		CASSEGAPVARTIQTF	imgt_cdr3			my_pwm_model		-1	
9ac74433358949d2b2218a95507d5db1	TRB		CASSRVLGGAQTYYF	imgt_cdr3			my_pwm_model		-1	
b40911ffe94240678b94640dae623cfb	TRB		CASRMGLAYEGQYF	imgt_cdr3			my_pwm_model		-1	
3673c978270940729d657e83df8c2d35	TRB		CASSYTGQTGGGTEQYF	imgt_cdr3			my_pwm_model		-1	
dbbc4725eb574e22bed6a048e1eb8d0d	TRB		CASSQAPSLWWGQGRPYSNQPQFF	imgt_cdr3			my_pwm_model		-1	
50f539f01bcf4aff8d22e91df831eb3f	TRB		CASTLPDPSRPDGNEEQYF	imgt_cdr3			my_pwm_model		-1	
64cc7210b520473aa20ffc039b2351ef	TRB		CASSLGPGIYELYF	imgt_cdr3			my_pwm_model		-1	
ebef63aaab1e440188f13ae99247322f	TRB		CASPTRQGPASNNTQYF	imgt_cdr3			my_pwm_model		-1	
bc9b6d3f0bef4542a63ed9a29c320e5f	TRB		CALKPPGEFF	imgt_cdr3			my_pwm_model		-1	
d32270c4315a4511a60a5355d6bb09e1	TRB		CSSSRSDEQTF	imgt_cdr3			my_pwm_model		-1	
6df7444d151e449c8c54ec6425ae82be	TRB		CASSSGGENPGYFF	imgt_cdr3			my_pwm_model		-1	
6e4e3f47963b40c090d93a9cc02e54fd	TRB		CASSLGGDAGIPQYF	imgt_cdr3			my_pwm_model		-1	
258bbe27ae7147f68d5ab24545f0cb41	TRB		CASSQGTGQEEQHF	imgt_cdr3			my_pwm_model		-1	
17eb142688d941f4996e49495500b081	TRB		CASSAWNYPQYF	imgt_cdr3			my_pwm_model		-1	
8f3b4c7177a44c47958893be7ff79703	TRB		CSSTRGNYEYFF	imgt_cdr3			my_pwm_model		-1	
0698fb152f7e48b4b747593e2327d11b	TRB		CASSLLQAEPQYF	imgt_cdr3			my_pwm_model		-1	
ba4694fb13c147728f1e27edeb216eaf	TRB		CSDSQNGPQFF	imgt_cdr3			my_pwm_model		-1	
a6509a95cf834f5489e1beecaf0afb50	TRB		CSSSAGQVIRSSSGPQFF	imgt_cdr3			my_pwm_model		-1	
2f9b7b90088a46fb88a2fc5a920f685a	TRB		CASSESKVQRRGYQPQFF	imgt_cdr3			my_pwm_model		-1	
4ad299b0232d41d8aca9a5eea6c57115	TRB		CSAGRYGEQTF	imgt_cdr3			my_pwm_model		-1	
b81c18c00a534a7ea33a2d98d489d16a	TRB		CAVSSDLHFIYGQFF	imgt_cdr3			my_pwm_model		-1	
c3fd577b0551458e9f5c07acb3cef809	TRB		CASSKGAQSNYEQFF	imgt_cdr3			my_pwm_model		-1	
6515f21c1c7d4baca749d258d0163621	TRB		CASTLGILGTEELTF	imgt_cdr3			my_pwm_model		-1	
5373bd4a4257474aa4462cc1d8119999	TRB		CASSSPPYGQHF	imgt_cdr3			my_pwm_model		-1	
88c587cdcf0e4baeaa69318d518da627	TRB		CASSTGGAHYTQFF	imgt_cdr3			my_pwm_model		-1	
79c066c7a04f4fa8ad9165e1e444d188	TRB		CASSYAPKDNQEQFF	imgt_cdr3			my_pwm_model		-1	
26ee1fdedd5048d98f1f368cfc995b88	TRB		CATSPALRQKMKYPQYF	imgt_cdr3			my_pwm_model		-1	
1311b0717ec4413aaa9cf1c7ed3d809a	TRB		CASSPGDRFGSYYEATF	imgt_cdr3			my_pwm_model		-1	
67ef1f5d0ebf4676bb53977acd69f5be	TRB		CASTLDVPRGWGRYNNTAFF	imgt_cdr3			my_pwm_model		-1	
122f2d71af3e4823abdd27559e017871	TRB		CSSSLLDNNRQFF	imgt_cdr3			my_pwm_model		-1	
2f4c1e7f85e547fb8c973d7f2745f75e	TRB		CASSLRRANNETQFF	imgt_cdr3			my_pwm_model		-1	
60e7e862d733444bb94eb3a7ec841a2b	TRB		CASSLPHRRRAWYYEQFF	imgt_cdr3			my_pwm_model		-1	
469c76bb0aeb4afa8fca8d45b3d00e68	TRB		CASSLPPRFSCGSEITF	imgt_cdr3			my_pwm_model		-1	
14d1b2806fbd4c908a06fa9b7b1ea324	TRB		CSSSLPHTLGGRADEQTF	imgt_cdr3			my_pwm_model		-1	
53167e6bb8534f2fbf26c90203715149	TRB		CASRLGPGGRSSKTTLYF	imgt_cdr3			my_pwm_model		-1	
c2b104580dbe4e77a258b87440426620	TRB		CASSSRGSSYEQTF	imgt_cdr3			my_pwm_model		-1	
b7bff09bb71b49ebad36f8f61116528a	TRB		CASSVGGGGNEEQYF	imgt_cdr3			my_pwm_model		-1	
a339258761454308af3328967cc9a4e7	TRB		CASSASHGQRASFNEQFF	imgt_cdr3			my_pwm_model		-1	
64269745425d4c61bd5f079f00603617	TRB		CASSEDGEGYFF	imgt_cdr3			my_pwm_model		-1	
b630c599caa24ceea1c97c0441e146aa	TRB		CASSSGGTGGNKQYF	imgt_cdr3			my_pwm_model		-1	
59da5fe156bd45139b2a2b81584da716	TRB		CASSFPVTFQEQYF	imgt_cdr3			my_pwm_model		-1	
04aa2239a756469daa3ee7e937e2444d	TRB		CASSGSSGETAFF	imgt_cdr3			my_pwm_model		-1	
334b19126c0348cebfd6ad89c568482e	TRB		CAALILGLEGQPQYF	imgt_cdr3			my_pwm_model		-1	
eda05045fed54a3e9da932edaf534af3	TRB		CAASGDQGYFF	imgt_cdr3			my_pwm_model		-1	
0275b0111dc44ec3a9b9c53de938858e	TRB		CASSQQKSGTPYYF	imgt_cdr3			my_pwm_model		-1	
8af3dd44f6c04802abc2697d89c3a961	TRB		CASSLGDRSTGEQFF	imgt_cdr3			my_pwm_model		-1	
ed18f5a8cdfd442c86da58e4bc6ac28e	TRB		CAARSYGELFF	imgt_cdr3			my_pwm_model		-1	
7a6462f8bf054d81b29cfdd8883ed95c	TRB		CSSSEKRNILSNNEIYF	imgt_cdr3			my_pwm_model		-1	
7720e37cdc564f96be37d328a7de027a	TRB		CASTYTQSMYPYHF	imgt_cdr3			my_pwm_model		-1	
5faabeb6931f4deb95f5a45c8c093d85	TRB		CAARLLPLQKGPDQSTQYF	imgt_cdr3			my_pwm_model		-1	
dbb14013432d4f459293f624e2de4e20	TRB		CASSDRGDFDYTEQFF	imgt_cdr3			my_pwm_model		-1	
d625cac9113449f5a4bc2f4a772c79a7	TRB		CASLGRPGNEEATF	imgt_cdr3			my_pwm_model		-1	
54a6560da8834a3188ece37d8bdc583e	TRB		CASSLREERGTETLFF	imgt_cdr3			my_pwm_model		-1	
08f7cb989efd4728ab68e23e3e2c533b	TRB		CASSLVPVHRGAQTQTF	imgt_cdr3			my_pwm_model		-1	
2215e23727b34954ba907e6c72289fee	TRB		CAWGDRVGGLTEYHF	imgt_cdr3			my_pwm_model		-1	
e9a6c0b084c842369ab97f517329b6ab	TRB		CASSSGTRLRRRPNYPQYF	imgt_cdr3			my_pwm_model		-1	
80029bebfc004790a28a0cba9f6c6539	TRB		CASSLPHKVNNAEAFF	imgt_cdr3			my_pwm_model		-1	
eb6d90497c644d119d2488540e59bc91	TRB		CASSPGRVGGDEYTF	imgt_cdr3			my_pwm_model		-1	
4bd9f326376647c1a87b0931dd2dd490	TRB		CASGLSRAYGQYF	imgt_cdr3			my_pwm_model		-1	
9264dd00163d4b47a98ce530f8fa44ae	TRB		CASSEEGQASTRNEAYF	imgt_cdr3			my_pwm_model		-1	
d772ded10adf4a7b883b25ad4d362170	TRB		CASSEVKERGHLGNTNEQYF	imgt_cdr3			my_pwm_model		-1	
aa78953ec9b341f4b564f52b15484c20	TRB		CASSVHGVYEYYF	imgt_cdr3			my_pwm_model		-1	
9f9a6c4e9d2f4b018ee0858d82e3a2db	TRB		CASSVDGGRGSIETYFF	imgt_cdr3			my_pwm_model		-1	
232c91d17b774f0db6ee4516dd6938b4	TRB		CASSCALASPRGYEQYF	imgt_cdr3			my_pwm_model		-1	
48a7ee8b10354bc38ce9618e839d4a27	TRB		CASSDATRRRDRTDPQYF	imgt_cdr3			my_pwm_model		-1	
8a8ff345a2284c22947dd0085f681e8c	TRB		CATLFGTRGYENTELHF	imgt_cdr3			my_pwm_model		-1	
1c350332f5c148ee87e5f8020fd61e1b	TRB		CASSLPDTTNELYF	imgt_cdr3			my_pwm_model		-1	
bba48b6fc2424dfbbeba3e5ccecf11cf	TRB		CATSEAGTGGSELFF	imgt_cdr3			my_pwm_model		-1	
faadde8963a747eea6c88bca7827ce7c	TRB		CASGLSAVANPQYF	imgt_cdr3			my_pwm_model		-1	
4e82f3e31fb94ef487029d7f8819b9cf	TRB		CASSLCSIEGSPAHF	imgt_cdr3			my_pwm_model		-1	
2e340588b5b441fcb68f43c717ed7a7d	TRB		CAWFSRVGPYPQFF	imgt_cdr3			my_pwm_model		-1	
c2c1003e88c04d209abe5a41d85a5693	TRB		CASSQGPSLWWRELRLYSYQEQHF	imgt_cdr3			my_pwm_model		-1	
ac0c5731783842c68532616a3d1be9a0	TRB		CASSPPTRGEEQYF	imgt_cdr3			my_pwm_model		-1	
7268e53f0605483a8c0cc7640223c427	TRB		CASSLGVEGGTHWYNNEIFF	imgt_cdr3			my_pwm_model		-1	
68b00ec74171404790ca1c17e6b051d9	TRB		CASTGRRGTTEQHF	imgt_cdr3			my_pwm_model		-1	
a31041b566a94ceeaea60e7a70416dea	TRB		CASSPDGCEDADPLHF	imgt_cdr3			my_pwm_model		-1	
19983db329e14ee582391c2c416c7083	TRB		CVVHQAVALF	imgt_cdr3			my_pwm_model		-1	
f3fc3ced99d845289c9920346f450968	TRB		CASSLGTDAGGPNSTDEAFF	imgt_cdr3			my_pwm_model		-1	
61918c267a2e4bef96d4c73ddddb1ad4	TRB		CASSLWAEEEELYF	imgt_cdr3			my_pwm_model		-1	
ce9b71b132f141e9b57b646ae5fc5244	TRB		CASRLKATGGHRVSSYNELFF	imgt_cdr3			my_pwm_model		-1	
c7d0320829484c5b88a737ade34537f2	TRB		CASSEGHQSPGDYNSELYF	imgt_cdr3			my_pwm_model		-1	
f939196da86b4fdf85cc6cdf8f31337b	TRB		CASSLPSRATFCKEELTF	imgt_cdr3			my_pwm_model		-1	
dc081a36411c454f8401f7f0ad621d6d	TRB		CASSERFRYGQTF	imgt_cdr3			my_pwm_model		-1	
f998311022654a52bbdc6a2c12b8110f	TRB		CASSLRSRGSDYQQYF	imgt_cdr3			my_pwm_model		-1	
468ddca6c62a4fa6bf4be4d1b128b29b	TRB		CAASDSIGNGASWSEVQYF	imgt_cdr3			my_pwm_model		-1	
154cd09fbe6c4049bc489be1e3737608	TRB		CASRQGEEQHF	imgt_cdr3			my_pwm_model		-1	
715b516bdd8b41b4a4e9dc446fbad590	TRB		CAWSGLLETGQHF	imgt_cdr3			my_pwm_model		-1	
1a2c2c4a005d4f6c9784ac6b212b2274	TRB		CASSGGTYDEQYF	imgt_cdr3			my_pwm_model		-1	
07b164cace714856b30c343ab9ae8fad	TRB		CATSRLPPNASARDYPYYF	imgt_cdr3			my_pwm_model		-1	
b1358b15cfc242a9949b18f0d1034f2b	TRB		CASLRRRVDGEEQHF	imgt_cdr3			my_pwm_model		-1	
f6f96c6a25df449f8e2e846cc0fcb1f1	TRB		CASTHVPQGGIDGTETQYF	imgt_cdr3			my_pwm_model		-1	
18993619ea484c7188f8290ccd73d275	TRB		CASSDNLRRPTQIQYF	imgt_cdr3			my_pwm_model		-1	
1d17e7c16f5943e3b9d83dccd5916f38	TRB		CASSVGRRIIYTATF	imgt_cdr3			my_pwm_model		-1	
a8400d5da06643e1be33abe2c0528d3a	TRB		CATRFGATRKSWVGGTNGQHF	imgt_cdr3			my_pwm_model		-1	
b34a9773b4a049068fbd6db2ab35418b	TRB		CASSLTATPGGTYEYFF	imgt_cdr3			my_pwm_model		-1	
e9e9cb3093e24314a92299d3d32d6b8e	TRB		CSSREAQQGGQNTKQYF	imgt_cdr3			my_pwm_model		-1	
a95ee55e74704a879ba7ee67d743e2e3	TRB		CASSPIGALEAYF	imgt_cdr3			my_pwm_model		-1	
c322aef077d24372bd2c3dbe2278962c	TRB		CASSAGDGSGILTNELFF	imgt_cdr3			my_pwm_model		-1	
7baed4c3adba44bda6f939e820db4d55	TRB		CASSVRSSEQTF	imgt_cdr3			my_pwm_model		-1	
57673bcde85446278d6b968f0c8aa4f6	TRB		CASSVLAGSTTPLYF	imgt_cdr3			my_pwm_model		-1	
f8d0167d8ae64369a3a85d66badcb860	TRB		CASSSGIVGNSEQFF	imgt_cdr3			my_pwm_model		-1	
3c9407c4568a403c844cfebcf457b808	TRB		CAPTRVDGLYF	imgt_cdr3			my_pwm_model		-1	
dd2bac61bfaf45b086a03ac213e5e5ec	TRB		CASSSCGGSSCNNEQHF	imgt_cdr3			my_pwm_model		-1	
63ab5a436de04e9db001ad3a79bb06eb	TRB		CASSQEPTSAGGSLSSGRDEQFF	imgt_cdr3			my_pwm_model		-1	
b248f4a63e7c4844bf045c211d47a3f2	TRB		CASRYQDSLITEQYF	imgt_cdr3			my_pwm_model		-1	
fb1c1e390dfc450e9f71689b2b6024dd	TRB		CSTSSDTQGLYEQFF	imgt_cdr3			my_pwm_model		-1	
f60dd8733d3a4b0486991cfd4484ee13	TRB		CASSWRGAKIRIGQIQYF	imgt_cdr3			my_pwm_model		-1	
23dbbb11548b438fa594cc40542baefc	TRB		CSPRAGNTYYF	imgt_cdr3			my_pwm_model		-1	
644e4e607cab4adfa6801a1f3546464e	TRB		CARGCNQEYFF	imgt_cdr3			my_pwm_model		-1	
10b4ef94a49a437fa032899a654f8d8a	TRB		CAAPLGPTTTEQHF	imgt_cdr3			my_pwm_model		-1	
106b7adfac064d46854374052c77841c	TRB		CASSLWSQRCGGNGAHF	imgt_cdr3			my_pwm_model		-1	
24167b6b9015442aa2c7f5b9fd07b9c2	TRB		CASSLPTPEPSQSEQHF	imgt_cdr3			my_pwm_model		-1	
f16f52301b5e472d96780ba16f2437fe	TRB		CASSRDRGDDADTQHF	imgt_cdr3			my_pwm_model		-1	
b403e6a4f32549c890012bcd1e4d658c	TRB		CASSLPRKHANQEQHF	imgt_cdr3			my_pwm_model		-1	
aa1283dfbc1f4b01a70c5a0e017e07a7	TRB		CAWTKDQGNTQYF	imgt_cdr3			my_pwm_model		-1	
32ded8b77f424d47a5f6cba791d32b88	TRB		CAASLLGRQWGSYQNTIFF	imgt_cdr3			my_pwm_model		-1	
5a0b5dca7edb46dab08ca1efb6b24ba2	TRB		CASSQGGRTVEPQNEQHF	imgt_cdr3			my_pwm_model		-1	
c515713402124c5ea1aea12722060775	TRB		CASSLGTRRSNTRQPQFF	imgt_cdr3			my_pwm_model		-1	
614328820c0e4418b96aec933585080d	TRB		CAITTHASNGQTF	imgt_cdr3			my_pwm_model		-1	
073358a19067443aa1eae7f3a6e096cd	TRB		CASSVCLTSNEEAYF	imgt_cdr3			my_pwm_model		-1	
0dbd7c14301c45988fdbfcbada04ef3a	TRB		CASSWGSGEYYF	imgt_cdr3			my_pwm_model		-1	
e0ab9b902b0c4f45abe9161601654bad	TRB		CATSLGSGNTDPLFF	imgt_cdr3			my_pwm_model		-1	
aeb9fb46a81742aaa6bb8d192e0acb9f	TRB		CASSLRVGDPEYYF	imgt_cdr3			my_pwm_model		-1	
e3c5bb7ac86f4d2896f2caf9d654d461	TRB		CAASASLPYVGEQTF	imgt_cdr3			my_pwm_model		-1	
f9767be5ac8d48ba98be728951120af2	TRB		CASGGAGRYGQTF	imgt_cdr3			my_pwm_model		-1	
f66ae66ae6a646ac8c1dfe496a94002d	TRB		CSSSCWYSGASKDPQYF	imgt_cdr3			my_pwm_model		-1	
6905566c782840c6b0675ffee9abac4d	TRB		CASPLGEGAEYFF	imgt_cdr3			my_pwm_model		-1	
b58bed0c904c402d9c677d7bdb1a97b7	TRB		CASSPANRGFGSEKITF	imgt_cdr3			my_pwm_model		-1	
b8c6ca13fd7b4fb5957c170fd4f0d002	TRB		CASSLPASLQGSYSTEQFF	imgt_cdr3			my_pwm_model		-1	
a2a92909250643aea42b287f82ce4823	TRB		CAVGLTGRKRTTYTQTF	imgt_cdr3			my_pwm_model		-1	
fb3c8bfdf62a4701bfbf98af17bcce56	TRB		CASSLPGSYGYFF	imgt_cdr3			my_pwm_model		-1	
f378d604d67d414784076e62b5e11afc	TRB		CASSLGTSAWGEQYF	imgt_cdr3			my_pwm_model		-1	
58dd3d75b51f4289942e5d8a0dda2a66	TRB		CASSQVPGPNGHYNPQHF	imgt_cdr3			my_pwm_model		-1	
a98c71606d2a4aa6ac2c7f35565d1e3e	TRB		CASSAGPPQRGDPSGNKQHF	imgt_cdr3			my_pwm_model		-1	
5b1f14a5c2a2440c9ef0cff505afab02	TRB		CASSHGGTRGQRFQPYFF	imgt_cdr3			my_pwm_model		-1	
0b52764f0fa94d04ab8b3bdd8029959c	TRB		CAASLVSEEEQYF	imgt_cdr3			my_pwm_model		-1	
39c5c3d70a5f4f6e9bc38f0969bd54cf	TRB		CASSGGPPAGETQYF	imgt_cdr3			my_pwm_model		-1	
da9cc52d40674128be9b33582aad6b19	TRB		CASEDDDHYTDPQHF	imgt_cdr3			my_pwm_model		-1	
b0d0e024ef764ecea15928b7c4ca8834	TRB		CASKQKAEDNQKQHF	imgt_cdr3			my_pwm_model		-1	
88ae67c7148a4b53b1fcecd7958cfb7d	TRB		CSSTQNDTQYF	imgt_cdr3			my_pwm_model		-1	
30b1aeada38b43779859a2d8591ba7ca	TRB		CASSDPAGTRGSSTTTLFF	imgt_cdr3			my_pwm_model		-1	
bb8d1a5ed6354e6094728d6fa2f0fa3e	TRB		CASSGPRGYELFF	imgt_cdr3			my_pwm_model		-1	
acd46fd211ae4d71a9e46ee3dd80f1df	TRB		CASSLSLASQYTEQHF	imgt_cdr3			my_pwm_model		-1	
f8e371c4a6d54d56b947b5afba817f5d	TRB		CASSPVRGQEGRCTEQFF	imgt_cdr3			my_pwm_model		-1	
939cff2c16cd491fa19f987a7c389385	TRB		CASSVRARAIYGPQHF	imgt_cdr3			my_pwm_model		-1	
edfa146dba964d8997b786565f9c8503	TRB		CASSKSMENDSYYTTTAHF	imgt_cdr3			my_pwm_model		-1	
4611627233344ea1ae63e91fdbc0b0e7	TRB		CASSGSRRNQEQFF	imgt_cdr3			my_pwm_model		-1	
70a0aac29d244d87835b5b7abdb8cab0	TRB		CSSTHWSYEQFF	imgt_cdr3			my_pwm_model		-1	
7edaa2a7f6b74a049fdcbbdd447d7144	TRB		CASSWLARTAEAYTPQTF	imgt_cdr3			my_pwm_model		-1	
cbcb6e42962b4852800c26912482864f	TRB		CASSEWPTSVDPQYF	imgt_cdr3			my_pwm_model		-1	
4edb04f2d4f54c4187f7dd3f4af23bca	TRB		CASSDTQGGRCDPQFF	imgt_cdr3			my_pwm_model		-1	
f3f849d1c08a431684fa49ae02416317	TRB		CASPDDGQEAFF	imgt_cdr3			my_pwm_model		-1	
609c50d2f29b44f4bfa38836dffcb351	TRB		CASRYPSGSWEPLFF	imgt_cdr3			my_pwm_model		-1	
27aa3c610a344c68a6d6e5848acb37c8	TRB		CAIGRQGVDGGGEELFF	imgt_cdr3			my_pwm_model		-1	
5e63500cc7364686a0a8dd327e9ba48a	TRB		CASSAPMGRSNNIQYF	imgt_cdr3			my_pwm_model		-1	
